{
  "nameCache:9": {
    "0:10": {
      "name:8": "FabCargo12833",
      "isOP:1": 0,
      "uuid:8": "eeeaee1d-3cd0-3540-9d8f-3a55fa2175e8"
    },
    "1:10": {
      "name:8": "Yojesus123",
      "isOP:1": 1,
      "uuid:8": "2c6fe9f1-0674-3ef0-95eb-bb33e623c2c4"
    },
    "2:10": {
      "name:8": "miguevii12",
      "isOP:1": 0,
      "uuid:8": "2af83c4b-9635-349f-8a67-ea4e688d2df6"
    },
    "3:10": {
      "name:8": "Penosopithecus",
      "isOP:1": 0,
      "uuid:8": "4970579a-35b1-34c9-8cc3-7347c25155db"
    }
  }
}