{"stat.chestOpened":2,"stat.leaveGame":3,"stat.pickup.minecraft.gravel":161,"stat.pickup.quark.paper_wall":1,"stat.pickup.minecraft.flint":17,"stat.pickup.minecraft.gold_nugget":2,"stat.craftItem.notreepunching.grass_string":2,"stat.useItem.minecraft.mutton":1,"stat.jump":496,"stat.swimOneCm":9120,"stat.fallOneCm":13845,"stat.climbOneCm":1677,"stat.crouchOneCm":13938,"stat.pickup.minecraft.dirt":23,"stat.useItem.minecraft.dirt":5,"stat.useItem.minecraft.stone_slab2":9,"stat.pickup.rustic.tomato_seeds":1,"stat.damageTaken":913,"stat.pickup.srparasites.assimilated_flesh":2,"stat.flyOneCm":53415,"stat.pickup.minecraft.wheat_seeds":2,"stat.mineBlock.minecraft.gravel":179,"stat.damageDealt":369,"stat.timeSinceDeath":7140,"stat.mineBlock.minecraft.dirt":17,"stat.pickup.minecraft.mutton":3,"stat.walkOneCm":95894,"stat.pickup.inspirations.carrot_seeds":1,"stat.pickup.minecraft.stick":3,"stat.useItem.notreepunching.knife/flint":30,"stat.useItem.minecraft.gravel":110,"stat.pickup.srparasites.lurecomponent2":1,"stat.pickup.notreepunching.grass_fiber":6,"stat.pickup.minecraft.chainmail_leggings":1,"stat.sprintOneCm":59617,"stat.pickup.notreepunching.flint_shard":18,"stat.mobKills":3,"stat.deaths":3,"stat.mineBlock.minecraft.leaves":6,"stat.playOneMinute":35978,"stat.killEntity.Sheep":2,"stat.sneakTime":7126,"stat.craftItem.notreepunching.knife/flint":1,"stat.mineBlock.minecraft.tallgrass":27,"stat.diveOneCm":4969}