{"stat.pickup.minecraft.bone":18,"stat.pickup.minecraft.wooden_slab":12,"stat.leaveGame":3,"stat.mineBlock.minecraft.cobblestone":31,"stat.pickup.minecraft.stone_pickaxe":9,"stat.pickup.minecraft.flint":19,"stat.drop.rustic.grape_stem":1,"stat.mineBlock.minecraft.yellow_flower":2,"stat.drop.mujmajnkraftsbettersurvival.itemstonehammer":1,"stat.mineBlock.srparasites.gore":3,"stat.pickup.mujmajnkraftsbettersurvival.itemstonedagger":2,"stat.craftItem.notreepunching.grass_string":6,"stat.swimOneCm":118048,"stat.pickup.quark.glass_shards":19,"stat.climbOneCm":17760,"stat.pickup.mujmajnkraftsbettersurvival.itemstonebattleaxe":3,"stat.drop.minecraft.cobblestone":3,"stat.pickup.minecraft.glowstone_dust":10,"stat.pickup.minecraft.porkchop":1,"stat.useItem.minecraft.dirt":68,"stat.useItem.minecraft.stone_slab2":108,"stat.pickup.minecraft.iron_boots":2,"stat.craftItem.mujmajnkraftsbettersurvival.itemstonedagger":1,"stat.pickup.minecraft.rotten_flesh":5,"stat.entityKilledBy.Spider":1,"stat.useItem.minecraft.egg":2,"stat.craftItem.minecraft.stone_axe":1,"stat.pickup.notreepunching.pickaxe/flint":2,"stat.craftItem.minecraft.stone_pickaxe":2,"stat.pickup.minecraft.cobblestone":434,"stat.pickup.minecraft.leather_boots":1,"stat.mineBlock.minecraft.carpet":4,"stat.craftItem.minecraft.stone_sword":2,"stat.flyOneCm":294637,"stat.useItem.notreepunching.pickaxe/flint":44,"stat.pickup.minecraft.fish":2,"stat.drop.minecraft.wheat_seeds":24,"stat.timeSinceDeath":11502,"stat.pickup.minecraft.mutton":3,"stat.pickup.minecraft.armor_stand":1,"stat.useItem.notreepunching.knife/flint":145,"stat.pickup.lycanitesmobs.cinderblade":1,"stat.pickup.rustic.wildberries":1,"stat.pickup.minecraft.stonebrick":8,"stat.furnaceInteraction":13,"stat.pickup.minecraft.iron_shovel":2,"stat.pickup.minecraft.trapdoor":1,"stat.pickup.minecraft.carpet":4,"stat.pickup.srparasites.lurecomponent2":1,"stat.pickup.srparasites.lurecomponent1":6,"stat.pickup.minecraft.shield":1,"stat.pickup.realistictorches.torch_unlit":38,"stat.talkedToVillager":1,"stat.pickup.minecraft.string":24,"stat.pickup.spartanshields.shield_tower_stone":6,"stat.pickup.minecraft.beef":64,"stat.pickup.mujmajnkraftsbettersurvival.itemstonehammer":10,"stat.entityKilledBy.Skeleton":13,"stat.pickup.lycanitesmobs.spectralboltcharge":88,"stat.pickup.notreepunching.saw/iron":9,"stat.mineBlock.realistictorches.torch_unlit":2,"stat.pickup.inspirations.potato_seeds":6,"stat.sprintOneCm":272830,"stat.useItem.rustic.wildberries":1,"stat.pickup.minecraft.iron_chestplate":1,"stat.mineBlock.rustic.wildberry_bush":1,"stat.useItem.carryon.tile_item":1,"stat.pickup.minecraft.stone_stairs":1,"stat.mineBlock.minecraft.fence":3,"stat.useItem.minecraft.wheat_seeds":15,"stat.mineBlock.minecraft.crafting_table":2,"stat.pickup.dynamictrees.oakseed":1,"stat.pickup.minecraft.lever":1,"stat.mineBlock.minecraft.planks":2,"stat.deaths":135,"stat.drop":45,"stat.pickup.minecraft.egg":3,"stat.playOneMinute":176455,"stat.pickup.minecraft.blaze_rod":3,"stat.pickup.minecraft.clock":1,"stat.pickup.minecraft.item_frame":4,"stat.mineBlock.minecraft.tallgrass":173,"stat.diveOneCm":94074,"stat.useItem.notreepunching.saw/iron":3,"stat.pickup.minecraft.wheat":54,"stat.useItem.mujmajnkraftsbettersurvival.itemstonedagger":43,"stat.chestOpened":18,"stat.pickup.rustic.wildberry_bush":2,"stat.pickup.minecraft.gravel":144,"stat.useItem.mujmajnkraftsbettersurvival.itemstonehammer":21,"stat.pickup.minecraft.waterlily":3,"stat.pickup.minecraft.arrow":19,"stat.pickup.quark.glass_item_frame":3,"stat.pickup.minecraft.wooden_pressure_plate":1,"stat.pickup.minecraft.stone_axe":3,"stat.useItem.minecraft.waterlily":1,"stat.pickup.roughtweaks.bandage":1,"stat.drop.minecraft.flint":6,"stat.pickup.minecraft.obsidian":5,"stat.drop.mujmajnkraftsbettersurvival.itemstonebattleaxe":1,"stat.pickup.inspirations.materials":8,"stat.jump":2749,"stat.pickup.minecraft.fence":6,"stat.pickup.minecraft.iron_helmet":1,"stat.pickup.minecraft.coal":155,"stat.fallOneCm":55931,"stat.useItem.minecraft.stone_axe":35,"stat.pickup.minecraft.gunpowder":40,"stat.craftItem.minecraft.bread":32,"stat.crouchOneCm":39245,"stat.mineBlock.minecraft.chest":5,"stat.craftItem.minecraft.chest":2,"stat.pickup.rustic.grape_stem":7,"stat.pickup.minecraft.dirt":163,"stat.drop.minecraft.iron_shovel":1,"stat.drop.minecraft.bed":1,"stat.craftingTableInteraction":54,"stat.mineBlock.minecraft.wooden_pressure_plate":1,"roc.kill":1,"reaper.kill":3,"stat.useItem.minecraft.sapling":4,"stat.pickup.rustic.tomato_seeds":9,"stat.pickup.minecraft.iron_axe":2,"stat.mineBlock.minecraft.glass_pane":7,"stat.damageTaken":26033,"stat.pickup.minecraft.feather":9,"stat.pickup.minecraft.leather":1,"stat.pickup.notreepunching.knife/flint":1,"stat.pickup.notreepunching.rock/stone":402,"stat.mineBlock.minecraft.red_flower":4,"stat.mineBlock.minecraft.torch":6,"stat.useItem.mujmajnkraftsbettersurvival.itemstonebattleaxe":1,"stat.pickup.srparasites.assimilated_flesh":14,"stat.pickup.minecraft.planks":224,"stat.pickup.minecraft.reeds":12,"stat.pickup.minecraft.iron_leggings":1,"stat.killEntity.CaveSpider":1,"stat.pickup.minecraft.bed":35,"stat.pickup.minecraft.wheat_seeds":80,"stat.entityKilledBy.Zombie":2,"stat.mineBlock.minecraft.gravel":137,"stat.craftItem.mujmajnkraftsbettersurvival.itemstonebattleaxe":2,"stat.useItem.minecraft.stone_pickaxe":129,"stat.craftItem.notreepunching.pickaxe/flint":1,"stat.mineBlock.minecraft.glass":2,"stat.useItem.minecraft.stone_sword":47,"stat.damageDealt":4311,"stat.sleepInBed":11,"stat.pickup.lycanitesmobs.entarm":5,"stat.mineBlock.minecraft.dirt":93,"stat.useItem.minecraft.crafting_table":2,"stat.drop.simpledifficulty.canteen":2,"stat.drop.minecraft.stick":2,"stat.drop.minecraft.iron_axe":1,"stat.walkOneCm":572520,"stat.useItem.minecraft.torch":5,"stat.useItem.minecraft.chest":4,"stat.playerKills":1,"stat.pickup.inspirations.carrot_seeds":6,"stat.pickup.minecraft.stick":137,"stat.pickup.minecraft.crafting_table":8,"stat.useItem.minecraft.cobblestone":9,"stat.pickup.lycanitesmobs.embercharge":18,"stat.craftItem.minecraft.crafting_table":3,"stat.useItem.minecraft.gravel":58,"stat.pickup.lycanitesmobs.quillcharge":3,"stat.drop.inspirations.carrot_seeds":1,"stat.pickup.minecraft.log":100,"stat.craftItem.minecraft.wheat":9,"stat.pickup.notreepunching.grass_fiber":48,"stat.craftItem.mujmajnkraftsbettersurvival.itemstonehammer":2,"stat.useItem.minecraft.item_frame":1,"stat.mineBlock.realistictorches.torch_smoldering":1,"stat.pickup.minecraft.sapling":26,"stat.pickup.minecraft.wooden_door":15,"stat.pickup.notreepunching.flint_shard":42,"stat.killEntity.Skeleton":1,"stat.pickup.minecraft.beetroot":11,"stat.pickup.roughtweaks.salve":2,"stat.drop.dynamictrees.oakseed":1,"stat.pickup.locks.wood_lock_pick":2,"stat.mineBlock.minecraft.stonebrick":2,"stat.pickup.minecraft.stone_sword":8,"stat.mineBlock.minecraft.glowstone":2,"stat.mobKills":21,"stat.mineBlock.minecraft.log":20,"stat.pickup.notreepunching.grass_string":24,"stat.mineBlock.minecraft.waterlily":2,"stat.pickup.simpledifficulty.canteen":3,"stat.pickup.minecraft.beetroot_seeds":18,"stat.mineBlock.minecraft.leaves":74,"stat.pickup.minecraft.torch":20,"stat.pickup.minecraft.red_flower":5,"stat.sneakTime":11965,"stat.pickup.rustic.chili_pepper_seeds":4,"ent.kill":2,"stat.pickup.minecraft.stone_slab":4,"stat.pickup.minecraft.yellow_flower":4,"stat.craftItem.notreepunching.knife/flint":3,"stat.mineBlock.minecraft.stone":133,"stat.craftItem.minecraft.cobblestone":98,"stat.useItem.minecraft.beetroot":2,"stat.pickup.minecraft.chest":5}