{"stat.pickup.minecraft.bone":23,"stat.leaveGame":3,"stat.mineBlock.minecraft.cobblestone":14,"stat.pickup.minecraft.stone_pickaxe":2,"stat.pickup.minecraft.flint":4,"stat.mineBlock.srparasites.gore":14,"stat.craftItem.notreepunching.grass_string":20,"stat.swimOneCm":15361,"stat.climbOneCm":39567,"stat.useItem.minecraft.planks":25,"stat.pickup.minecraft.enchanted_book":1,"stat.drop.minecraft.cobblestone":3,"stat.pickup.minecraft.porkchop":3,"stat.useItem.minecraft.stone_slab2":26,"stat.pickup.spartanweaponry.rapier_iron":1,"stat.mineBlock.minecraft.red_mushroom":1,"stat.useItem.minecraft.water_bucket":1,"stat.pickup.minecraft.rotten_flesh":8,"stat.pickup.minecraft.sand":5,"stat.craftItem.minecraft.stone_axe":1,"stat.pickup.notreepunching.pickaxe/flint":1,"stat.craftItem.minecraft.stone_pickaxe":1,"stat.pickup.spartanweaponry.greatsword_stone":1,"stat.pickup.minecraft.cobblestone":104,"stat.mineBlock.minecraft.carpet":2,"stat.pickup.lycanitesmobs.aquapulsecharge":6,"stat.useItem.locks.wood_lock_pick":5,"eechetik.kill":2,"stat.useItem.spartanweaponry.boomerang_stone":68,"stat.flyOneCm":226779,"stat.pickup.minecraft.brown_mushroom":20,"stat.useItem.notreepunching.pickaxe/flint":9,"stat.pickup.quark.tallow":3,"stat.drop.minecraft.gold_ingot":2,"stat.timeSinceDeath":0,"stat.useItem.notreepunching.knife/flint":127,"stat.mineBlock.minecraft.vine":1,"stat.pickup.minecraft.stonebrick":4,"stat.furnaceInteraction":8,"stat.craftItem.spartanweaponry.material":3,"stat.pickup.minecraft.carpet":2,"stat.pickup.srparasites.lurecomponent2":1,"stat.pickup.srparasites.lurecomponent1":4,"stat.pickup.realistictorches.torch_unlit":4,"stat.pickup.minecraft.string":5,"stat.pickup.spartanshields.shield_tower_stone":1,"stat.useItem.spartanweaponry.saber_stone":52,"stat.pickup.mujmajnkraftsbettersurvival.itemstonehammer":2,"stat.entityKilledBy.Skeleton":2,"stat.craftItem.minecraft.stone_slab2":0,"stat.pickup.lycanitesmobs.spectralboltcharge":1,"stat.pickup.spartanweaponry.saber_stone":6,"stat.mineBlock.realistictorches.torch_unlit":1,"stat.pickup.inspirations.potato_seeds":6,"stat.sprintOneCm":303459,"stat.pickup.minecraft.paper":4,"stat.pickup.minecraft.iron_chestplate":1,"stat.useItem.minecraft.fence":1,"stat.mineBlock.minecraft.fence":1,"stat.pickup.dynamictrees.oakseed":5,"stat.mineBlock.minecraft.oak_stairs":1,"stat.deaths":57,"stat.mineBlock.minecraft.planks":28,"stat.drop":6,"stat.playOneMinute":108823,"stat.pickup.lycanitesmobs.immunizer":6,"stat.pickup.minecraft.blaze_rod":3,"stat.pickup.minecraft.clock":3,"stat.pickup.minecraft.slime_ball":4,"stat.pickup.minecraft.item_frame":7,"stat.killEntity.Zombie":2,"stat.mineBlock.minecraft.tallgrass":145,"stat.diveOneCm":19525,"stat.chestOpened":52,"aglebemu.kill":1,"stat.pickup.lycanitesmobs.poisonraycharge":5,"stat.pickup.minecraft.sign":5,"stat.pickup.minecraft.gravel":10,"stat.pickup.minecraft.arrow":12,"stat.craftItem.minecraft.cooked_porkchop":3,"stat.pickup.familiarfauna.snail_shell":1,"stat.killEntity.Slime":1,"stat.pickup.minecraft.stone_axe":3,"stat.pickup.roughtweaks.bandage":3,"stat.pickup.minecraft.obsidian":2,"stat.pickup.minecraft.gold_nugget":33,"stat.pickup.minecraft.stone_brick_stairs":3,"stat.jump":1532,"stat.pickup.minecraft.fence":11,"stat.pickup.minecraft.coal":55,"stat.fallOneCm":26121,"stat.useItem.minecraft.stone_axe":26,"stat.pickup.minecraft.melon_seeds":2,"stat.pickup.minecraft.gunpowder":6,"stat.crouchOneCm":9876,"stat.pickup.minecraft.dirt":149,"stat.pickup.minecraft.red_mushroom":15,"stat.pickup.minecraft.golden_leggings":1,"stat.craftingTableInteraction":20,"stat.pickup.minecraft.stone_shovel":2,"stat.mineBlock.minecraft.wooden_pressure_plate":2,"stat.pickup.lycanitesmobs.poisongland":2,"jengu.kill":1,"stat.pickup.rustic.tomato_seeds":6,"stat.mineBlock.minecraft.glass_pane":3,"stat.damageTaken":12529,"stat.pickup.notreepunching.knife/flint":3,"stat.pickup.minecraft.feather":7,"stat.pickup.minecraft.leather":1,"stat.pickup.notreepunching.rock/stone":1,"stat.mineBlock.minecraft.mycelium":1,"stat.pickup.srparasites.assimilated_flesh":8,"stat.useItem.spartanweaponry.greatsword_stone":49,"stat.pickup.minecraft.planks":30,"stat.pickup.minecraft.bed":10,"stat.pickup.minecraft.wheat_seeds":24,"stat.pickup.minecraft.oak_stairs":3,"stat.mineBlock.minecraft.gravel":13,"stat.useItem.minecraft.stone_pickaxe":6,"stat.useItem.minecraft.stone_sword":12,"stat.damageDealt":5573,"stat.sleepInBed":4,"stat.pickup.minecraft.chainmail_boots":1,"stat.craftItem.spartanweaponry.saber_stone":3,"stat.walkOneCm":322638,"stat.useItem.minecraft.bread":3,"stat.pickup.minecraft.golden_apple":1,"stat.playerKills":1,"stat.pickup.inspirations.carrot_seeds":4,"stat.pickup.minecraft.stick":86,"stat.pickup.lycanitesmobs.embercharge":21,"spriggan.kill":1,"stat.useItem.minecraft.gravel":1,"stat.useItem.dynamictrees.oakseed":1,"stat.pickup.lycanitesmobs.quillcharge":3,"stat.drop.inspirations.carrot_seeds":1,"stat.pickup.minecraft.log":36,"stat.craftItem.locks.wood_lock_pick":9,"stat.pickup.notreepunching.grass_fiber":70,"stat.pickup.minecraft.stone":6,"stat.pickup.minecraft.sapling":1,"stat.pickup.minecraft.wooden_door":1,"stat.pickup.minecraft.gold_ingot":5,"stat.pickup.notreepunching.flint_shard":4,"stat.pickup.roughtweaks.salve":2,"stat.pickup.locks.wood_lock_pick":7,"stat.killEntity.Spider":3,"stat.mobKills":39,"stat.pickup.lycanitesmobs.lifedraincharge":12,"stat.pickup.minecraft.book":36,"stat.pickup.notreepunching.grass_string":8,"stat.pickup.minecraft.quartz":5,"cinder.kill":7,"stat.mineBlock.minecraft.leaves":33,"stat.sneakTime":4375,"stat.pickup.minecraft.wool":2,"stat.pickup.rustic.chili_pepper_seeds":2,"stat.pickup.minecraft.rabbit":3,"stat.pickup.minecraft.stone_slab":51,"stat.craftItem.notreepunching.knife/flint":3}