{"stat.entityKilledBy.seaserpent":2,"stat.walkOneCm":102806,"stat.pickup.minecraft.bone":18,"stat.pickup.minecraft.stick":3,"stat.pickup.minecraft.gravel":22,"stat.leaveGame":2,"stat.pickup.minecraft.flint":7,"stat.pickup.srparasites.lurecomponent1":2,"stat.pickup.minecraft.log":2,"stat.useItem.notreepunching.rock/stone":1,"stat.swimOneCm":87529,"stat.jump":870,"stat.useItem.minecraft.sand":8,"stat.fallOneCm":21046,"stat.pickup.minecraft.enchanted_book":1,"stat.climbOneCm":1296,"stat.pickup.quark.crab_leg":1,"stat.pickup.minecraft.beef":2,"stat.pickup.minecraft.glowstone_dust":6,"stat.mineBlock.rustic.horsetail":3,"stat.crouchOneCm":5877,"stat.pickup.minecraft.ender_pearl":1,"stat.pickup.minecraft.dirt":39,"stat.useItem.minecraft.dirt":7,"stat.sprintOneCm":83244,"stat.useItem.minecraft.stone_slab2":31,"stat.pickup.rustic.horsetail":5,"stat.pickup.minecraft.sand":20,"roc.kill":2,"stat.pickup.roughtweaks.salve":1,"stat.pickup.rustic.tomato_seeds":5,"stat.entityKilledBy.quark:pirate":1,"stat.damageTaken":10729,"stat.pickup.minecraft.feather":17,"stat.pickup.minecraft.leather":1,"stat.mobKills":4,"stat.pickup.srparasites.assimilated_flesh":1,"stat.useItem.minecraft.beef":1,"stat.flyOneCm":140745,"stat.deaths":49,"stat.pickup.rustic.honeycomb":1,"stat.pickup.minecraft.wheat_seeds":1,"stat.drop":1,"stat.mineBlock.minecraft.leaves":1,"stat.mineBlock.minecraft.sand":14,"stat.playOneMinute":52909,"stat.pickup.minecraft.fish":11,"stat.drop.minecraft.wheat_seeds":1,"stat.mineBlock.minecraft.gravel":27,"stat.sneakTime":2535,"stat.pickup.rustic.chili_pepper_seeds":1,"stat.damageDealt":1291,"stat.useItem.rustic.horsetail":3,"stat.timeSinceDeath":0,"stat.killEntity.Cow":1,"stat.mineBlock.minecraft.dirt":15,"stat.mineBlock.minecraft.tallgrass":31,"stat.diveOneCm":103543}