{"stat.useItem.minecraft.string":3,"stat.pickup.notreepunching.flint_shard":8,"stat.walkOneCm":109169,"stat.pickup.inspirations.carrot_seeds":6,"stat.pickup.minecraft.stick":7,"stat.useItem.notreepunching.knife/flint":133,"stat.pickup.rustic.tomato_seeds":1,"stat.pickup.minecraft.gravel":39,"stat.mineBlock.minecraft.vine":1,"stat.damageTaken":628,"stat.pickup.minecraft.flint":4,"stat.useItem.minecraft.gravel":6,"stat.mineBlock.minecraft.double_plant":5,"stat.pickup.minecraft.string":9,"stat.flyOneCm":61085,"stat.deaths":1,"stat.craftItem.notreepunching.grass_string":1,"stat.pickup.minecraft.wheat_seeds":4,"stat.jump":650,"stat.swimOneCm":3746,"stat.mineBlock.minecraft.leaves":22,"stat.playOneMinute":22140,"stat.fallOneCm":13428,"stat.pickup.notreepunching.grass_fiber":59,"stat.climbOneCm":226,"stat.mineBlock.minecraft.gravel":46,"stat.sneakTime":1011,"stat.pickup.rustic.chili_pepper_seeds":7,"stat.damageDealt":162,"stat.crouchOneCm":3459,"stat.timeSinceDeath":14470,"stat.pickup.minecraft.sapling":1,"stat.pickup.rustic.grape_stem":1,"stat.pickup.minecraft.dirt":6,"stat.pickup.inspirations.potato_seeds":1,"stat.sprintOneCm":69670,"stat.mineBlock.minecraft.dirt":6,"stat.craftItem.notreepunching.knife/flint":3,"stat.useItem.minecraft.stone_slab2":9,"stat.useItem.rustic.wildberries":2,"stat.mineBlock.minecraft.tallgrass":130}