{"pixen.kill":1,"stat.pickup.minecraft.wooden_slab":57,"stat.drop.lycanitesmobs.summoningstaff":1,"stat.pickup.lycanitesmobs.chaosorbcharge":12,"stat.leaveGame":2,"stat.craftItem.fishingmadebetter.hook_basic":1,"stat.pickup.notreepunching.rock/slate":3,"stat.useItem.minecraft.planks":69,"stat.mineBlock.minecraft.web":2,"stat.pickup.mujmajnkraftsbettersurvival.itemstonebattleaxe":13,"stat.pickup.minecraft.glowstone_dust":58,"stat.pickup.minecraft.porkchop":13,"stat.drop.minecraft.wooden_door":4,"stat.mineBlock.rustic.grape_stem":1,"stat.pickup.rustic.chair_oak":3,"stat.useItem.minecraft.water_bucket":5,"stat.pickup.minecraft.rotten_flesh":18,"stat.drop.simpledifficulty.spit":1,"stat.useItem.inspirations.carrot_seeds":1,"stat.craftItem.minecraft.stone_axe":4,"stat.pickup.minecraft.bucket":2,"stat.mineBlock.minecraft.wooden_slab":22,"stat.pickup.lycanitesmobs.aquapulsecharge":4,"stat.useItem.locks.wood_lock_pick":1,"stat.craftItem.minecraft.stone_sword":7,"stat.pickup.minecraft.chainmail_chestplate":6,"stat.pickup.minecraft.brown_mushroom":5,"stat.pickup.quark.tallow":10,"stat.craftItem.spartanshields.shield_basic_wood":1,"stat.craftItem.quark.chute":1,"stat.useItem.notreepunching.knife/flint":61,"stat.pickup.rustic.wildberries":1,"stat.furnaceInteraction":12,"stat.craftItem.spartanweaponry.material":5,"stat.useItem.minecraft.pumpkin_seeds":1,"stat.pickup.srparasites.lurecomponent2":4,"stat.pickup.srparasites.lurecomponent1":24,"stat.pickup.realistictorches.torch_unlit":64,"stat.craftItem.quark.paper_wall":6,"stat.craftItem.realistictorches.torch_lit":30,"stat.pickup.mujmajnkraftsbettersurvival.itemstonespear":8,"stat.pickup.minecraft.fence_gate":1,"stat.useItem.realistictorches.torch_unlit":5,"stat.pickup.spartanshields.shield_tower_stone":12,"stat.useItem.minecraft.cooked_mutton":1,"stat.pickup.inspirations.potato_seeds":23,"stat.useItem.minecraft.fence":14,"stat.useItem.minecraft.stone_stairs":17,"stat.useItem.rustic.table_oak":4,"stat.killEntity.Horse":1,"stat.pickup.realistictorches.torch_lit":66,"stat.pickup.minecraft.stone_stairs":36,"stat.mineBlock.minecraft.fence":2,"stat.useItem.minecraft.wheat_seeds":30,"stat.craftItem.minecraft.fence_gate":1,"stat.pickup.minecraft.pumpkin_seeds":8,"stat.pickup.foodexpansion.itemsquid":2,"stat.pickup.lycanitesmobs.tricksterflarecharge":4,"stat.pickup.dynamictrees.oakseed":2,"stat.useItem.spartanweaponry.spear_stone":22,"stat.pickup.lycanitesmobs.raw_krake_meat":5,"stat.pickup.lycanitesmobs.raw_chupacabra_meat":2,"stat.deaths":159,"stat.pickup.minecraft.egg":3,"stat.playOneMinute":337073,"stat.pickup.realistictorches.matchbox":3,"stat.mineBlock.minecraft.tallgrass":76,"stat.pickup.minecraft.cooked_mutton":3,"stat.chestOpened":173,"stat.craftItem.mujmajnkraftsbettersurvival.itemstonespear":8,"stat.useItem.minecraft.stone":12,"stat.useItem.mujmajnkraftsbettersurvival.itemstonehammer":9,"stat.pickup.minecraft.arrow":20,"stat.pickup.quark.jasper":2,"stat.pickup.notreepunching.axe/flint":6,"stat.fallOneCm":87318,"stat.drop.minecraft.dye":1,"stat.pickup.minecraft.melon_seeds":3,"stat.crouchOneCm":18359,"stat.mineBlock.minecraft.chest":2,"stat.craftItem.minecraft.chest":2,"stat.pickup.rustic.grape_stem":5,"stat.pickup.minecraft.red_mushroom":18,"stat.craftingTableInteraction":134,"stat.pickup.minecraft.feather":35,"stat.useItem.minecraft.reeds":13,"stat.pickup.minecraft.dye":2,"stat.pickup.minecraft.planks":260,"chupacabra.kill":1,"stat.pickup.minecraft.wheat_seeds":59,"stat.mineBlock.minecraft.gravel":36,"stat.useItem.minecraft.stone_pickaxe":679,"stat.useItem.minecraft.stone_sword":370,"stat.mineBlock.minecraft.dirt":68,"stat.pickup.spartanweaponry.parrying_dagger_stone":1,"stat.pickup.minecraft.chainmail_boots":10,"stat.drop.minecraft.stick":5,"stat.useItem.minecraft.bread":1,"stat.useItem.spartanweaponry.dagger_stone":121,"stat.pickup.inspirations.carrot_seeds":15,"stat.craftItem.minecraft.stone_stairs":48,"stat.useItem.minecraft.log":62,"stat.pickup.minecraft.crafting_table":1,"stat.useItem.minecraft.cobblestone":117,"stat.craftItem.minecraft.crafting_table":2,"stat.useItem.minecraft.gravel":2,"stat.mineBlock.minecraft.double_plant":9,"stat.mineBlock.quark.stone_speleothem":5,"stat.craftItem.minecraft.boat":1,"stat.pickup.minecraft.log":97,"stat.mineBlock.inspirations.bookshelf":1,"stat.craftItem.realistictorches.torch_unlit":24,"stat.drop.minecraft.planks":2,"stat.pickup.minecraft.chicken":12,"stat.pickup.minecraft.chainmail_leggings":1,"stat.pickup.minecraft.sapling":30,"stat.pickup.minecraft.wooden_door":14,"stat.pickup.minecraft.apple":1,"stat.pickup.notreepunching.flint_shard":14,"stat.craftItem.spartanshields.shield_tower_wood":2,"stat.pickup.locks.wood_lock_pick":1,"stat.pickup.minecraft.stone_sword":28,"stat.craftItem.minecraft.fishing_rod":1,"stat.pickup.lycanitesmobs.lifedraincharge":14,"stat.mineBlock.minecraft.log":55,"stat.craftItem.minecraft.cooked_chicken":1,"stat.useItem.minecraft.stone_hoe":76,"stat.useItem.minecraft.wooden_door":4,"stat.craftItem.inspirations.materials":12,"stat.craftItem.notreepunching.axe/flint":4,"stat.craftItem.minecraft.paper":9,"stat.pickup.minecraft.red_flower":1,"stat.sneakTime":6481,"stat.pickup.rustic.chili_pepper_seeds":14,"stat.pickup.minecraft.rabbit":5,"stat.pickup.minecraft.stone_slab":4,"stat.pickup.minecraft.yellow_flower":1,"stat.craftItem.notreepunching.knife/flint":2,"stat.craftItem.minecraft.cobblestone":186,"stat.pickup.minecraft.chest":2,"stat.drop.minecraft.stone_pickaxe":4,"stat.mineBlock.quark.jasper":2,"stat.pickup.minecraft.bone":34,"stat.pickup.lycanitesmobs.sprigganheart":1,"stat.mineBlock.minecraft.cobblestone":122,"stat.pickup.quark.paper_wall":12,"stat.pickup.minecraft.stone_pickaxe":14,"stat.pickup.minecraft.flint":10,"stat.mineBlock.minecraft.yellow_flower":1,"stat.mineBlock.srparasites.gore":29,"stat.craftItem.notreepunching.grass_string":5,"stat.swimOneCm":61330,"stat.climbOneCm":711,"stat.pickup.minecraft.enchanted_book":2,"stat.pickup.minecraft.cooked_porkchop":10,"stat.pickup.foodexpansion.itemhorsemeat":2,"stat.useItem.minecraft.dirt":86,"stat.useItem.minecraft.stone_slab2":115,"stat.pickup.minecraft.bow":1,"vapula.kill":1,"stat.pickup.minecraft.stone_hoe":11,"stat.craftItem.minecraft.furnace":1,"stat.pickup.roughtweaks.plaster":3,"stat.craftItem.simpledifficulty.campfire":1,"stat.useItem.minecraft.egg":3,"stat.craftItem.spartanshields.shield_tower_stone":2,"stat.craftItem.minecraft.stone_pickaxe":9,"stat.pickup.minecraft.cobblestone":661,"stat.pickup.notreepunching.rock/marble":53,"stat.useItem.minecraft.stone_shovel":38,"stat.pickup.rustic.table_oak":2,"stat.flyOneCm":390249,"stat.useItem.spartanweaponry.battleaxe_stone":50,"stat.mineBlock.quark.paper_wall":3,"stat.pickup.minecraft.fish":2,"stat.useItem.rustic.chair_oak":5,"stat.pickup.spartanweaponry.dagger_stone":6,"wraamon.kill":2,"stat.craftItem.minecraft.wooden_slab":36,"stat.mineBlock.minecraft.iron_ore":17,"stat.timeSinceDeath":1462,"stat.useItem.minecraft.wooden_slab":29,"stat.pickup.minecraft.mutton":7,"stat.pickup.minecraft.mossy_cobblestone":16,"stat.useItem.foodexpansion.itembatwing":1,"stat.killEntity.Bat":1,"stat.pickup.minecraft.chainmail_helmet":1,"krake.kill":1,"stat.useItem.minecraft.cooked_porkchop":2,"stat.pickup.minecraft.iron_shovel":2,"stat.mineBlock.minecraft.coal_ore":13,"stat.craftItem.minecraft.stone_hoe":1,"stat.pickup.minecraft.string":3,"stat.pickup.foodexpansion.itembatwing":2,"grue.kill":1,"stat.pickup.mujmajnkraftsbettersurvival.itemstonehammer":7,"stat.entityKilledBy.Skeleton":15,"stat.useItem.realistictorches.torch_lit":47,"stat.pickup.inspirations.bookshelf":1,"stat.craftItem.rustic.chair_oak":4,"stat.mineBlock.realistictorches.torch_unlit":7,"stat.craftItem.spartanweaponry.battleaxe_stone":1,"stat.sprintOneCm":945750,"stat.drop.rustic.tomato_seeds":2,"stat.mineBlock.rustic.wildberry_bush":2,"stat.mineBlock.minecraft.crafting_table":1,"stat.mineBlock.quark.marble":18,"stat.mineBlock.minecraft.planks":9,"stat.drop":31,"stat.drop.realistictorches.torch_unlit":7,"stat.killEntity.Sheep":4,"stat.useItem.mujmajnkraftsbettersurvival.itemstonespear":6,"stat.useItem.minecraft.melon_seeds":3,"stat.killEntity.Zombie":4,"stat.mineBlock.rustic.table_oak":2,"stat.diveOneCm":32242,"stat.pickup.minecraft.wheat":6,"stat.pickup.rustic.wildberry_bush":2,"stat.pickup.minecraft.gravel":85,"stat.craftItem.minecraft.cooked_porkchop":4,"stat.pickup.minecraft.stone_axe":18,"abaia.kill":1,"stat.useItem.minecraft.apple":1,"stat.pickup.minecraft.obsidian":6,"stat.jump":2986,"stat.pickup.minecraft.fence":5,"stat.pickup.minecraft.coal":44,"stat.pickup.minecraft.iron_ingot":1,"stat.useItem.spartanweaponry.parrying_dagger_stone":1,"stat.useItem.minecraft.stone_axe":141,"stat.useItem.notreepunching.axe/flint":68,"stat.pickup.minecraft.gunpowder":2,"stat.craftItem.minecraft.bread":1,"stat.pickup.minecraft.dirt":147,"stat.drop.minecraft.iron_shovel":1,"stat.mineBlock.realistictorches.torch_lit":12,"stat.useItem.minecraft.cooked_chicken":1,"stat.pickup.minecraft.iron_ore":18,"stat.pickup.minecraft.stone_shovel":2,"roc.kill":6,"stat.pickup.lycanitesmobs.poisongland":2,"stat.boatOneCm":69454,"stat.pickup.minecraft.gold_ore":1,"stat.pickup.rustic.tomato_seeds":14,"stat.mineBlock.minecraft.stone_stairs":3,"stat.damageTaken":30777,"stat.pickup.notreepunching.knife/flint":7,"stat.pickup.minecraft.leather":5,"stat.pickup.notreepunching.rock/stone":2434,"stat.mineBlock.minecraft.melon_block":1,"stat.pickup.spartanweaponry.spear_stone":3,"stat.pickup.srparasites.assimilated_flesh":18,"stat.craftItem.notreepunching.cobblestone/marble":13,"stat.drop.spartanweaponry.dagger_stone":2,"stat.pickup.minecraft.reeds":65,"stat.entityKilledBy.ZombieVillager":1,"stat.killEntity.CaveSpider":1,"stat.pickup.minecraft.bed":4,"stat.entityKilledBy.Zombie":4,"stat.craftItem.mujmajnkraftsbettersurvival.itemstonebattleaxe":2,"stat.damageDealt":16536,"stat.useItem.lycanitesmobs.raw_chupacabra_meat":2,"stat.sleepInBed":11,"stat.killEntity.Pig":6,"stat.craftItem.minecraft.stone_shovel":1,"stat.useItem.foodexpansion.itemcookedsquid":3,"stat.pickup.minecraft.boat":1,"geonach.kill":4,"stat.walkOneCm":1328252,"stat.animalsBred":3,"stat.useItem.minecraft.chest":1,"stat.pickup.dynamictrees.birchseed":4,"stat.pickup.minecraft.stick":236,"stat.pickup.minecraft.clay_ball":98,"spriggan.kill":3,"stat.craftItem.locks.wood_lock_pick":1,"stat.pickup.notreepunching.grass_fiber":43,"stat.craftItem.mujmajnkraftsbettersurvival.itemstonehammer":4,"stat.pickup.lycanitesmobs.summoningstaff":1,"stat.pickup.minecraft.stone":39,"stat.useItem.quark.paper_wall":7,"stat.mineBlock.rustic.chair_oak":3,"stat.mineBlock.realistictorches.torch_smoldering":3,"stat.pickup.minecraft.ender_pearl":22,"stat.pickup.lycanitesmobs.crystalshardcharge":36,"stat.pickup.minecraft.chorus_fruit":11,"stat.killEntity.Skeleton":2,"stat.killEntity.Chicken":8,"stat.killEntity.Spider":1,"stat.mobKills":85,"stat.pickup.notreepunching.grass_string":17,"stat.pickup.minecraft.quartz":49,"stat.craftItem.minecraft.fence":15,"stat.useItem.minecraft.boat":2,"stat.craftItem.rustic.table_oak":4,"stat.mineBlock.minecraft.leaves":109,"stat.drop.minecraft.stone_axe":1,"stat.craftItem.simpledifficulty.spit":1,"stat.craftItem.inspirations.bookshelf":1,"stat.mineBlock.minecraft.stone":492}