{"stat.leaveGame":2,"stat.craftItem.minecraft.iron_axe":1,"stat.craftItem.spartanweaponry.greatsword_stone":1,"stat.useItem.minecraft.planks":35,"stat.mineBlock.minecraft.web":2,"stat.pickup.minecraft.porkchop":2,"stat.pickup.minecraft.blaze_powder":4,"stat.useItem.minecraft.water_bucket":5,"stat.pickup.minecraft.rotten_flesh":67,"stat.entityKilledBy.Spider":1,"stat.craftItem.minecraft.stone_axe":2,"stat.pickup.notreepunching.pickaxe/flint":1,"stat.craftItem.spartanweaponry.boomerang_stone":2,"stat.pickup.minecraft.bucket":2,"stat.pickup.spartanweaponry.greatsword_stone":12,"stat.useItem.locks.wood_lock_pick":1,"stat.craftItem.minecraft.stone_sword":2,"stat.useItem.spartanweaponry.boomerang_stone":11,"stat.craftItem.minecraft.iron_shovel":1,"stat.pickup.minecraft.brown_mushroom":9,"stat.useItem.notreepunching.pickaxe/flint":16,"stat.hopperInspected":1,"stat.pickup.spartanweaponry.greatsword_iron":7,"stat.pickup.minecraft.firework_charge":2,"stat.useItem.notreepunching.knife/flint":54,"stat.mineBlock.minecraft.vine":4,"stat.pickup.minecraft.record_far":2,"stat.furnaceInteraction":12,"stat.craftItem.spartanweaponry.material":5,"stat.pickup.srparasites.lurecomponent2":2,"stat.pickup.srparasites.lurecomponent1":62,"stat.pickup.realistictorches.torch_unlit":7,"stat.drop.minecraft.red_flower":2,"stat.pickup.spartanshields.shield_tower_stone":10,"stat.pickup.lycanitesmobs.spectralboltcharge":4,"stat.useItem.minecraft.trapdoor":7,"stat.mineBlock.minecraft.fence":3,"stat.useItem.minecraft.wheat_seeds":54,"stat.pickup.foodexpansion.itemsquid":2,"stat.pickup.minecraft.emerald":1,"stat.pickup.dynamictrees.oakseed":9,"stat.deaths":77,"stat.playOneMinute":250835,"stat.pickup.minecraft.blaze_rod":10,"stat.craftItem.minecraft.iron_pickaxe":1,"stat.pickup.minecraft.item_frame":6,"stat.mineBlock.minecraft.tallgrass":62,"stat.chestOpened":248,"stat.useItem.minecraft.stone":16,"stat.useItem.mujmajnkraftsbettersurvival.itemstonehammer":11,"stat.pickup.minecraft.waterlily":4,"stat.pickup.minecraft.arrow":19,"stat.pickup.familiarfauna.snail_shell":2,"stat.pickup.rustic.chamomile":4,"stat.pickup.minecraft.gold_nugget":21,"stat.pickup.notreepunching.axe/flint":2,"stat.fallOneCm":59972,"stat.pickup.minecraft.melon_seeds":2,"stat.crouchOneCm":8251,"stat.craftItem.minecraft.iron_ingot":24,"stat.pickup.rustic.grape_stem":8,"stat.pickup.minecraft.red_mushroom":8,"stat.craftingTableInteraction":80,"stat.pickup.minecraft.feather":7,"stat.pickup.lycanitesmobs.planttreat":13,"stat.pickup.minecraft.dye":25,"stat.pickup.minecraft.planks":131,"stat.pickup.minecraft.wheat_seeds":149,"stat.mineBlock.minecraft.gravel":105,"stat.useItem.minecraft.stone_pickaxe":364,"stat.craftItem.notreepunching.pickaxe/flint":2,"stat.mineBlock.minecraft.glass":4,"stat.useItem.minecraft.stone_sword":73,"geken.kill":1,"stat.mineBlock.minecraft.dirt":277,"stat.pickup.minecraft.chainmail_boots":5,"stat.drop.minecraft.stick":2,"stat.useItem.minecraft.bread":6,"stat.pickup.inspirations.carrot_seeds":3,"stat.useItem.minecraft.log":35,"stat.pickup.minecraft.crafting_table":1,"stat.pickup.lycanitesmobs.ventoraptorskull":1,"stat.useItem.minecraft.cobblestone":47,"stat.craftItem.minecraft.crafting_table":1,"stat.pickup.lycanitesmobs.embercharge":64,"stat.useItem.minecraft.gravel":34,"stat.mineBlock.minecraft.double_plant":2,"stat.pickup.minecraft.log":86,"stat.pickup.minecraft.iron_pickaxe":1,"stat.pickup.minecraft.sapling":1,"stat.pickup.minecraft.wooden_door":2,"stat.pickup.notreepunching.flint_shard":14,"stat.craftItem.spartanshields.shield_tower_wood":1,"stat.pickup.roughtweaks.salve":1,"stat.craftItem.minecraft.bucket":1,"stat.pickup.locks.wood_lock_pick":6,"stat.pickup.minecraft.stone_sword":3,"stat.useItem.spartanweaponry.throwing_axe_iron":19,"stat.pickup.lycanitesmobs.lifedraincharge":12,"stat.pickup.minecraft.book":30,"stat.mineBlock.minecraft.log":6,"stat.craftItem.minecraft.wooden_door":3,"stat.craftItem.notreepunching.axe/flint":2,"stat.pickup.minecraft.red_flower":8,"stat.sneakTime":9886,"stat.pickup.minecraft.rabbit":1,"ent.kill":1,"stat.pickup.minecraft.stone_slab":514,"stat.craftItem.notreepunching.knife/flint":2,"stat.craftItem.minecraft.cobblestone":51,"stat.pickup.minecraft.bone":26,"stat.mineBlock.minecraft.cobblestone":246,"stat.pickup.minecraft.stone_pickaxe":4,"stat.pickup.minecraft.flint":10,"stat.mineBlock.srparasites.gore":86,"stat.craftItem.notreepunching.grass_string":7,"stat.useItem.spartanweaponry.greatsword_iron":147,"stat.swimOneCm":12742,"stat.pickup.quark.glass_shards":13,"stat.pickup.rustic.ginseng":1,"stat.pickup.minecraft.enchanted_book":15,"stat.climbOneCm":121676,"stat.useItem.spartanweaponry.rapier_iron":129,"stat.useItem.minecraft.dirt":62,"stat.useItem.minecraft.stone_slab2":60,"stat.pickup.spartanweaponry.rapier_iron":3,"vapula.kill":1,"stat.pickup.roughtweaks.plaster":2,"stat.craftItem.spartanshields.shield_tower_stone":1,"stat.craftItem.minecraft.trapdoor":6,"stat.craftItem.minecraft.stone_pickaxe":4,"stat.pickup.minecraft.shears":1,"stat.pickup.minecraft.cobblestone":491,"stat.useItem.minecraft.stone_shovel":206,"stat.flyOneCm":137128,"stat.craftItem.lycanitesmobs.planttreat":4,"stat.mineBlock.minecraft.iron_ore":29,"stat.timeSinceDeath":25342,"stat.pickup.minecraft.mutton":1,"stat.pickup.minecraft.stonebrick":12,"stat.pickup.minecraft.iron_shovel":2,"stat.pickup.minecraft.carpet":1,"stat.pickup.minecraft.trapdoor":2,"stat.mineBlock.minecraft.coal_ore":10,"stat.pickup.minecraft.string":51,"stat.pickup.spartanweaponry.material":1,"stat.useItem.spartanweaponry.saber_stone":55,"stat.pickup.mujmajnkraftsbettersurvival.itemstonehammer":4,"stat.entityKilledBy.Skeleton":5,"stat.craftItem.minecraft.stone_slab2":0,"stat.pickup.spartanweaponry.saber_stone":9,"stat.mineBlock.realistictorches.torch_unlit":4,"stat.sprintOneCm":617277,"stat.mineBlock.minecraft.stone_slab":10,"stat.useItem.minecraft.stone_slab":221,"stat.mineBlock.minecraft.crafting_table":1,"stat.waystones:waystonesActivated":2,"stat.entityKilledBy.Creeper":3,"stat.drop":5,"stat.pickup.lycanitesmobs.immunizer":2,"stat.useItem.minecraft.ladder":6,"stat.pickup.minecraft.slime_ball":4,"stat.craftItem.spartanweaponry.greatsword_iron":1,"stat.killEntity.Zombie":7,"stat.diveOneCm":10787,"stat.pickup.minecraft.wheat":89,"stat.craftItem.spartanweaponry.rapier_iron":1,"stat.craftItem.minecraft.ladder":6,"stat.pickup.minecraft.sign":2,"stat.pickup.minecraft.gravel":152,"stat.pickup.quark.glass_item_frame":1,"stat.pickup.minecraft.stone_axe":11,"stat.pickup.roughtweaks.bandage":1,"stat.pickup.minecraft.obsidian":2,"stat.jump":1839,"stat.pickup.minecraft.fence":5,"stat.pickup.minecraft.coal":15,"stat.pickup.minecraft.iron_ingot":11,"stat.useItem.minecraft.stone_axe":32,"stat.useItem.notreepunching.axe/flint":15,"stat.pickup.minecraft.gunpowder":33,"stat.craftItem.minecraft.bread":17,"stat.pickup.minecraft.spider_eye":2,"stat.pickup.minecraft.dirt":714,"stat.pickup.minecraft.iron_ore":51,"stat.useItem.minecraft.glass":5,"stat.pickup.minecraft.stone_shovel":2,"stat.pickup.lycanitesmobs.poisongland":1,"stat.pickup.rustic.tomato_seeds":5,"stat.mineBlock.minecraft.leaves2":1,"stat.mineBlock.minecraft.glass_pane":1,"stat.pickup.notreepunching.knife/flint":2,"stat.damageTaken":19259,"stat.pickup.minecraft.leather":1,"stat.pickup.notreepunching.rock/stone":317,"stat.mineBlock.minecraft.red_flower":5,"stat.useItem.spartanweaponry.greatsword_stone":89,"stat.pickup.srparasites.assimilated_flesh":27,"stat.pickup.minecraft.reeds":39,"stat.pickup.minecraft.bed":4,"stat.damageDealt":19720,"stat.sleepInBed":16,"stat.craftItem.minecraft.stone_slab":294,"stat.craftItem.minecraft.stone_shovel":2,"geonach.kill":1,"stat.walkOneCm":922420,"stat.playerKills":1,"stat.pickup.minecraft.stick":126,"spriggan.kill":2,"stat.useItem.scalinghealth.heartcontainer":1,"stat.craftItem.locks.wood_lock_pick":1,"stat.pickup.notreepunching.grass_fiber":39,"stat.craftItem.mujmajnkraftsbettersurvival.itemstonehammer":2,"stat.useItem.minecraft.item_frame":1,"stat.pickup.minecraft.stone":42,"stat.pickup.scalinghealth.heartcontainer":4,"stat.pickup.lycanitesmobs.crystalshardcharge":19,"stat.pickup.minecraft.ladder":10,"stat.pickup.lycanitesmobs.reaperclaw":1,"stat.craftItem.spartanweaponry.throwing_axe_iron":1,"stat.killEntity.Skeleton":1,"stat.craftItem.variedcommodities.stone_dagger":1,"stat.mineBlock.minecraft.stonebrick":1,"stat.mobKills":119,"stat.pickup.notreepunching.grass_string":6,"stat.pickup.minecraft.quartz":76,"cinder.kill":1,"stat.mineBlock.minecraft.leaves":23,"stat.pickup.minecraft.torch":1,"stat.drop.lycanitesmobs.planttreat":1,"stat.mineBlock.minecraft.stone":72}