{"stat.pickup.dynamictrees.acaciaseed":1,"stat.walkOneCm":111450,"stat.pickup.minecraft.bone":31,"stat.pickup.rustic.bee":2,"stat.useItem.minecraft.fish":1,"stat.pickup.minecraft.stick":19,"stat.leaveGame":2,"stat.pickup.minecraft.gravel":79,"stat.pickup.minecraft.arrow":4,"raiko.kill":4,"stat.pickup.minecraft.flint":6,"stat.drop.minecraft.gravel":1,"stat.mineBlock.minecraft.yellow_flower":1,"spriggan.kill":1,"stat.useItem.minecraft.gravel":47,"stat.pickup.rustic.chamomile":3,"stat.mineBlock.minecraft.double_plant":5,"stat.pickup.srparasites.lurecomponent1":6,"stat.drop.lycanitesmobs.aquapulsecharge":1,"stat.pickup.minecraft.string":4,"stat.useItem.minecraft.mutton":3,"stat.jump":561,"stat.swimOneCm":79403,"stat.fallOneCm":18531,"stat.pickup.minecraft.enchanted_book":1,"stat.pickup.minecraft.glowstone_dust":12,"stat.entityKilledBy.Skeleton":1,"stat.pickup.minecraft.melon_seeds":4,"stat.crouchOneCm":760,"stat.pickup.scalinghealth.heartcontainer":1,"stat.pickup.minecraft.ender_pearl":2,"stat.pickup.minecraft.dirt":16,"stat.useItem.minecraft.dirt":3,"stat.pickup.inspirations.potato_seeds":2,"stat.sprintOneCm":215674,"stat.useItem.minecraft.stone_slab2":6,"stat.pickup.minecraft.sand":3,"roc.kill":4,"stat.damageTaken":7932,"stat.pickup.minecraft.feather":44,"stat.pickup.notreepunching.rock/stone":7,"stat.mobKills":12,"stat.pickup.srparasites.assimilated_flesh":2,"stat.pickup.lycanitesmobs.lifedraincharge":4,"stat.drop.notreepunching.rock/stone":1,"stat.entityKilledBy.Creeper":1,"stat.pickup.minecraft.dye":1,"stat.pickup.lycanitesmobs.aquapulsecharge":6,"stat.pickup.minecraft.reeds":3,"stat.flyOneCm":162208,"stat.deaths":35,"stat.pickup.rustic.honeycomb":1,"stat.drop":5,"stat.pickup.minecraft.wheat_seeds":1,"stat.mineBlock.minecraft.leaves":12,"stat.mineBlock.minecraft.sand":1,"stat.playOneMinute":54853,"stat.pickup.minecraft.fish":8,"stat.entityKilledBy.Zombie":1,"stat.mineBlock.minecraft.gravel":84,"stat.killEntity.Sheep":2,"stat.sneakTime":479,"stat.pickup.rustic.chili_pepper_seeds":1,"stat.damageDealt":1836,"stat.drop.minecraft.arrow":2,"stat.timeSinceDeath":44,"stat.pickup.minecraft.yellow_flower":1,"stat.mineBlock.minecraft.dirt":13,"stat.mineBlock.minecraft.tallgrass":46,"stat.diveOneCm":88312,"stat.pickup.minecraft.mutton":3}