{"stat.useItem.minecraft.string":1,"stat.leaveGame":6,"stat.craftItem.minecraft.iron_axe":1,"stat.craftItem.spartanweaponry.greatsword_stone":2,"stat.pickup.rustic.crushing_tub":1,"stat.useItem.minecraft.planks":79,"stat.mineBlock.minecraft.web":10,"stat.pickup.minecraft.porkchop":2,"stat.pickup.minecraft.blaze_powder":4,"stat.mineBlock.rustic.grape_stem":4,"stat.useItem.minecraft.water_bucket":14,"stat.pickup.minecraft.rotten_flesh":68,"stat.useItem.inspirations.carrot_seeds":2,"stat.entityKilledBy.Spider":1,"stat.useItem.mujmajnkraftsbettersurvival.itemirondagger":18,"stat.craftItem.minecraft.stone_axe":6,"stat.pickup.notreepunching.pickaxe/flint":1,"stat.craftItem.spartanweaponry.boomerang_stone":2,"stat.pickup.minecraft.bucket":3,"stat.pickup.spartanweaponry.greatsword_stone":14,"stat.useItem.locks.wood_lock_pick":3,"eechetik.kill":2,"shade.kill":1,"stat.craftItem.minecraft.stone_sword":2,"stat.useItem.spartanweaponry.boomerang_stone":11,"stat.craftItem.minecraft.iron_shovel":1,"stat.pickup.minecraft.brown_mushroom":33,"stat.useItem.notreepunching.pickaxe/flint":16,"stat.craftItem.spartanweaponry.katana_stone":1,"stat.craftItem.realistictorches.matchbox":1,"stat.hopperInspected":1,"stat.useItem.minecraft.fence_gate":2,"stat.pickup.spartanweaponry.greatsword_iron":7,"stat.pickup.minecraft.firework_charge":2,"stat.useItem.notreepunching.knife/flint":77,"stat.mineBlock.minecraft.vine":4,"stat.pickup.minecraft.record_far":2,"stat.pickup.rustic.wildberries":1,"stat.furnaceInteraction":20,"stat.craftItem.spartanweaponry.material":12,"stat.pickup.srparasites.lurecomponent2":2,"stat.pickup.srparasites.lurecomponent1":84,"stat.pickup.realistictorches.torch_unlit":14,"stat.drop.minecraft.red_flower":2,"stat.craftItem.realistictorches.torch_lit":6,"stat.pickup.minecraft.fence_gate":1,"stat.pickup.spartanshields.shield_tower_stone":10,"stat.pickup.spartanweaponry.katana_stone":14,"stat.craftItem.rustic.rope":36,"stat.useItem.spartanweaponry.katana_stone":109,"stat.pickup.lycanitesmobs.spectralboltcharge":4,"stat.useItem.minecraft.trapdoor":7,"stat.pickup.inspirations.potato_seeds":5,"stat.useItem.rustic.wildberries":1,"stat.useItem.minecraft.fence":26,"stat.pickup.realistictorches.torch_lit":2,"afrit.kill":1,"stat.mineBlock.minecraft.fence":27,"stat.useItem.minecraft.wheat_seeds":193,"stat.craftItem.minecraft.fence_gate":2,"stat.pickup.minecraft.pumpkin_seeds":6,"stat.pickup.foodexpansion.itemsquid":2,"stat.pickup.minecraft.emerald":1,"stat.pickup.dynamictrees.oakseed":28,"stat.mineBlock.rustic.crop_stake":7,"stat.deaths":118,"stat.pickup.minecraft.egg":1,"stat.playOneMinute":503651,"stat.pickup.minecraft.blaze_rod":10,"stat.craftItem.minecraft.iron_pickaxe":1,"stat.mineBlock.minecraft.brown_mushroom_block":51,"stat.pickup.minecraft.item_frame":6,"stat.mineBlock.minecraft.tallgrass":107,"stat.chestOpened":741,"stat.useItem.minecraft.stone":18,"stat.pickup.spartanweaponry.mace_iron":4,"stat.useItem.rustic.tomato":1,"stat.useItem.mujmajnkraftsbettersurvival.itemstonehammer":14,"stat.pickup.minecraft.waterlily":4,"stat.pickup.minecraft.arrow":20,"stat.pickup.familiarfauna.snail_shell":2,"stat.pickup.rustic.chamomile":4,"stat.pickup.minecraft.gold_nugget":21,"stat.pickup.notreepunching.axe/flint":2,"stat.fallOneCm":80894,"stat.pickup.minecraft.carrot":127,"stat.pickup.minecraft.melon_seeds":2,"stat.crouchOneCm":11633,"stat.craftItem.minecraft.iron_ingot":39,"stat.pickup.rustic.grape_stem":30,"stat.pickup.minecraft.red_mushroom":13,"stat.craftingTableInteraction":188,"stat.pickup.minecraft.feather":13,"stat.pickup.lycanitesmobs.planttreat":13,"stat.pickup.rustic.tomato":12,"stat.useItem.minecraft.reeds":5,"stat.pickup.minecraft.dye":25,"stat.pickup.minecraft.planks":266,"stat.pickup.minecraft.wheat_seeds":350,"stat.mineBlock.minecraft.gravel":122,"stat.useItem.minecraft.stone_pickaxe":564,"stat.craftItem.notreepunching.pickaxe/flint":2,"stat.mineBlock.minecraft.glass":5,"stat.useItem.minecraft.stone_sword":100,"geken.kill":1,"stat.mineBlock.minecraft.dirt":398,"stat.pickup.minecraft.chainmail_boots":5,"stat.drop.minecraft.stick":2,"stat.useItem.minecraft.bread":11,"stat.pickup.inspirations.carrot_seeds":13,"stat.useItem.spartanweaponry.javelin_iron":68,"stat.useItem.minecraft.log":56,"stat.pickup.minecraft.crafting_table":6,"stat.pickup.lycanitesmobs.ventoraptorskull":3,"stat.useItem.minecraft.cobblestone":62,"stat.craftItem.minecraft.crafting_table":1,"stat.pickup.lycanitesmobs.embercharge":64,"stat.useItem.minecraft.gravel":51,"stat.mineBlock.minecraft.double_plant":2,"stat.pickup.minecraft.iron_hoe":1,"stat.useItem.dynamictrees.oakseed":10,"stat.pickup.minecraft.log":118,"stat.pickup.minecraft.iron_pickaxe":1,"stat.drop.minecraft.sapling":1,"stat.pickup.minecraft.chicken":1,"stat.pickup.minecraft.sapling":5,"stat.pickup.minecraft.wooden_door":2,"stat.pickup.notreepunching.flint_shard":16,"stat.useItem.spartanweaponry.mace_iron":86,"stat.craftItem.spartanshields.shield_tower_wood":1,"stat.pickup.roughtweaks.salve":2,"stat.craftItem.minecraft.bucket":3,"stat.pickup.locks.wood_lock_pick":6,"stat.pickup.rustic.crop_stake":9,"stat.pickup.minecraft.stone_sword":3,"stat.useItem.spartanweaponry.throwing_axe_iron":19,"stat.pickup.lycanitesmobs.lifedraincharge":18,"stat.pickup.minecraft.book":30,"stat.mineBlock.minecraft.log":10,"stat.craftItem.minecraft.wooden_door":3,"stat.useItem.minecraft.stone_hoe":24,"stat.craftItem.notreepunching.axe/flint":3,"stat.craftItem.minecraft.paper":3,"stat.pickup.minecraft.red_flower":9,"stat.sneakTime":20085,"stat.pickup.rustic.chili_pepper_seeds":1,"stat.pickup.minecraft.rabbit":1,"ent.kill":1,"stat.pickup.minecraft.stone_slab":552,"stat.craftItem.notreepunching.knife/flint":2,"stat.craftItem.minecraft.cobblestone":79,"stat.pickup.dynamictrees.acaciaseed":5,"stat.pickup.rustic.rope":14,"stat.pickup.minecraft.bone":27,"stat.useItem.minecraft.iron_axe":9,"stat.mineBlock.minecraft.cobblestone":346,"stat.useItem.minecraft.log2":7,"stat.pickup.minecraft.stone_pickaxe":8,"stat.pickup.minecraft.flint":11,"stat.mineBlock.srparasites.gore":109,"stat.craftItem.notreepunching.grass_string":9,"stat.useItem.spartanweaponry.greatsword_iron":147,"stat.swimOneCm":53989,"stat.pickup.quark.glass_shards":21,"stat.pickup.rustic.ginseng":1,"stat.pickup.minecraft.enchanted_book":30,"stat.climbOneCm":234457,"stat.useItem.spartanweaponry.rapier_iron":129,"stat.drop.minecraft.brown_mushroom":1,"stat.useItem.minecraft.obsidian":7,"stat.useItem.minecraft.dirt":145,"stat.useItem.minecraft.stone_slab2":130,"stat.pickup.spartanweaponry.rapier_iron":3,"stat.pickup.forge.bucketfilled":1,"vapula.kill":2,"stat.pickup.minecraft.stone_hoe":5,"stat.craftItem.minecraft.furnace":1,"stat.pickup.roughtweaks.plaster":3,"stat.craftItem.spartanshields.shield_tower_stone":1,"stat.craftItem.minecraft.trapdoor":6,"stat.craftItem.minecraft.stone_pickaxe":7,"stat.pickup.minecraft.shears":1,"stat.pickup.minecraft.cobblestone":633,"stat.useItem.minecraft.stone_shovel":361,"stat.flyOneCm":246334,"stat.craftItem.minecraft.glass_bottle":3,"stat.craftItem.lycanitesmobs.planttreat":32,"stat.craftItem.minecraft.wooden_slab":12,"stat.mineBlock.rustic.brewing_barrel":1,"stat.mineBlock.minecraft.iron_ore":33,"stat.timeSinceDeath":5021,"stat.pickup.minecraft.mutton":1,"stat.craftItem.lycanitesmobs.summoningstaff":1,"stat.pickup.mujmajnkraftsbettersurvival.itemirondagger":5,"stat.useItem.minecraft.potato":20,"stat.pickup.minecraft.stonebrick":12,"stat.pickup.minecraft.iron_shovel":2,"stat.pickup.minecraft.carpet":1,"stat.pickup.minecraft.trapdoor":2,"stat.mineBlock.minecraft.coal_ore":19,"stat.craftItem.minecraft.stone_hoe":3,"stat.pickup.minecraft.string":61,"stat.pickup.spartanweaponry.material":1,"stat.pickup.lycanitesmobs.scorchfireballcharge":3,"grue.kill":5,"stat.useItem.spartanweaponry.saber_stone":150,"stat.pickup.mujmajnkraftsbettersurvival.itemstonehammer":5,"stat.entityKilledBy.Skeleton":5,"stat.craftItem.minecraft.stone_slab2":0,"stat.useItem.realistictorches.torch_lit":5,"stat.pickup.spartanweaponry.saber_stone":18,"stat.mineBlock.realistictorches.torch_unlit":7,"stat.sprintOneCm":1010131,"stat.mineBlock.minecraft.stone_slab":22,"stat.useItem.minecraft.stone_slab":441,"stat.mineBlock.minecraft.crafting_table":6,"stat.waystones:waystonesActivated":2,"stat.useItem.minecraft.carrot":61,"stat.entityKilledBy.Creeper":3,"stat.craftItem.spartanweaponry.javelin_iron":1,"stat.craftItem.mujmajnkraftsbettersurvival.itemirondagger":2,"stat.mineBlock.minecraft.planks":40,"stat.drop":8,"stat.pickup.lycanitesmobs.immunizer":3,"stat.useItem.minecraft.ladder":9,"stat.pickup.minecraft.slime_ball":6,"stat.craftItem.spartanweaponry.greatsword_iron":1,"stat.killEntity.Zombie":9,"stat.diveOneCm":45547,"stat.pickup.minecraft.wheat":192,"stat.craftItem.spartanweaponry.rapier_iron":1,"stat.craftItem.minecraft.ladder":12,"stat.pickup.minecraft.sign":4,"stat.pickup.minecraft.gravel":168,"stat.pickup.quark.glass_item_frame":1,"stat.pickup.minecraft.stone_axe":21,"stat.pickup.roughtweaks.bandage":4,"stat.pickup.minecraft.obsidian":6,"stat.jump":3357,"stat.pickup.minecraft.fence":41,"stat.pickup.minecraft.coal":27,"stat.pickup.minecraft.iron_helmet":1,"stat.pickup.minecraft.iron_ingot":13,"stat.useItem.minecraft.stone_axe":204,"stat.useItem.notreepunching.axe/flint":16,"stat.craftItem.rustic.crop_stake":10,"stat.pickup.minecraft.gunpowder":33,"stat.craftItem.minecraft.bread":21,"stat.pickup.minecraft.spider_eye":2,"stat.pickup.minecraft.dirt":1008,"stat.mineBlock.realistictorches.torch_lit":1,"stat.craftItem.rustic.brewing_barrel":2,"stat.pickup.minecraft.iron_ore":76,"stat.useItem.minecraft.glass":5,"stat.pickup.minecraft.stone_shovel":3,"stat.pickup.lycanitesmobs.poisongland":1,"stat.pickup.minecraft.gold_ore":2,"stat.pickup.rustic.tomato_seeds":19,"stat.mineBlock.minecraft.leaves2":1,"stat.mineBlock.minecraft.glass_pane":2,"stat.pickup.notreepunching.knife/flint":3,"stat.damageTaken":28802,"stat.pickup.minecraft.leather":1,"stat.pickup.notreepunching.rock/stone":480,"stat.mineBlock.minecraft.red_flower":6,"stat.pickup.rustic.brewing_barrel":1,"stat.mineBlock.minecraft.mycelium":51,"stat.useItem.spartanweaponry.greatsword_stone":116,"stat.pickup.srparasites.assimilated_flesh":34,"stat.pickup.minecraft.log2":9,"stat.pickup.minecraft.reeds":71,"stat.pickup.minecraft.bed":4,"stat.breakItem.spartanweaponry.javelin_iron":2,"stat.drop.notreepunching.knife/flint":1,"stat.pickup.minecraft.potato":34,"stat.mineBlock.minecraft.fence_gate":1,"stat.damageDealt":39912,"stat.craftItem.minecraft.glass":3,"stat.sleepInBed":30,"stat.useItem.minecraft.crafting_table":1,"stat.craftItem.spartanweaponry.saber_stone":2,"stat.craftItem.minecraft.stone_slab":540,"stat.craftItem.minecraft.stone_shovel":3,"geonach.kill":3,"stat.walkOneCm":1820618,"stat.playerKills":1,"stat.pickup.minecraft.stick":240,"spriggan.kill":6,"stat.useItem.scalinghealth.heartcontainer":3,"stat.craftItem.locks.wood_lock_pick":5,"stat.pickup.notreepunching.grass_fiber":46,"stat.craftItem.mujmajnkraftsbettersurvival.itemstonehammer":3,"stat.craftItem.rustic.crushing_tub":1,"stat.useItem.minecraft.item_frame":1,"stat.pickup.minecraft.stone":58,"stat.pickup.scalinghealth.heartcontainer":6,"stat.useItem.rustic.grape_stem":5,"stat.pickup.minecraft.ender_pearl":6,"stat.useItem.rustic.rope":12,"stat.pickup.lycanitesmobs.crystalshardcharge":24,"stat.pickup.minecraft.ladder":15,"stat.pickup.lycanitesmobs.reaperclaw":1,"stat.craftItem.spartanweaponry.throwing_axe_iron":1,"stat.killEntity.Skeleton":2,"stat.craftItem.variedcommodities.stone_dagger":1,"stat.mineBlock.minecraft.stonebrick":1,"stat.killEntity.Chicken":1,"stat.pickup.rustic.grapes":59,"stat.mobKills":197,"stat.pickup.notreepunching.grass_string":6,"stat.pickup.minecraft.quartz":92,"stat.useItem.rustic.crop_stake":10,"stat.craftItem.minecraft.fence":18,"cinder.kill":1,"stat.pickup.minecraft.diamond":4,"stat.mineBlock.minecraft.leaves":32,"stat.mineBlock.rustic.crushing_tub":1,"stat.pickup.minecraft.torch":1,"stat.drop.lycanitesmobs.planttreat":1,"stat.mineBlock.minecraft.stone":112}