{"stat.walkOneCm":30499,"stat.pickup.minecraft.stick":3,"stat.pickup.minecraft.gravel":8,"stat.leaveGame":1,"stat.damageTaken":61,"stat.pickup.minecraft.flint":1,"stat.pickup.minecraft.reeds":2,"stat.flyOneCm":10869,"stat.pickup.minecraft.wheat_seeds":1,"stat.mineBlock.minecraft.leaves":19,"stat.jump":117,"stat.swimOneCm":1626,"stat.playOneMinute":6983,"stat.fallOneCm":2946,"stat.mineBlock.minecraft.gravel":9,"stat.sneakTime":68,"stat.crouchOneCm":286,"stat.timeSinceDeath":6983,"stat.pickup.minecraft.dirt":5,"stat.useItem.minecraft.dirt":1,"stat.sprintOneCm":62415,"stat.mineBlock.minecraft.dirt":4,"stat.useItem.minecraft.stone_slab2":2,"stat.mineBlock.minecraft.tallgrass":1,"stat.diveOneCm":839}