{"stat.walkOneCm":72610,"stat.useItem.notreepunching.knife/flint":53,"stat.pickup.minecraft.stick":18,"stat.pickup.minecraft.gravel":49,"stat.mineBlock.minecraft.pumpkin":1,"stat.useItem.minecraft.log":3,"stat.pickup.minecraft.clay_ball":1,"stat.pickup.minecraft.flint":3,"stat.craftItem.minecraft.crafting_table":1,"stat.useItem.minecraft.gravel":1,"krake.kill":1,"stat.mineBlock.minecraft.double_plant":3,"stat.craftItem.minecraft.wool":1,"stat.pickup.minecraft.log":8,"stat.craftItem.notreepunching.grass_string":8,"stat.jump":364,"stat.swimOneCm":2830,"stat.fallOneCm":7077,"stat.pickup.notreepunching.grass_fiber":27,"stat.useItem.minecraft.planks":2,"stat.climbOneCm":164,"stat.useItem.notreepunching.axe/flint":12,"stat.crouchOneCm":477,"stat.pickup.minecraft.dirt":3,"stat.useItem.minecraft.dirt":1,"stat.pickup.inspirations.potato_seeds":1,"stat.sprintOneCm":96052,"stat.useItem.rustic.wildberries":4,"stat.useItem.minecraft.stone_slab2":5,"stat.craftingTableInteraction":1,"stat.pickup.notreepunching.flint_shard":4,"stat.pickup.rustic.tomato_seeds":2,"stat.damageTaken":442,"stat.mobKills":2,"stat.pickup.lycanitesmobs.raw_krake_meat":2,"stat.pickup.minecraft.planks":7,"stat.flyOneCm":28775,"stat.pickup.dynamictrees.spruceseed":1,"stat.mineBlock.minecraft.snow_layer":1,"stat.deaths":1,"stat.pickup.minecraft.wheat_seeds":4,"stat.craftItem.notreepunching.axe/flint":1,"stat.mineBlock.minecraft.leaves":13,"stat.playOneMinute":24380,"stat.mineBlock.minecraft.gravel":52,"stat.sneakTime":327,"stat.pickup.rustic.chili_pepper_seeds":1,"stat.damageDealt":336,"ent.kill":1,"stat.timeSinceDeath":1250,"stat.pickup.minecraft.snowball":2,"stat.mineBlock.minecraft.dirt":3,"stat.craftItem.notreepunching.knife/flint":2,"stat.mineBlock.minecraft.tallgrass":54,"stat.diveOneCm":3609}