{"stat.pickup.minecraft.wooden_slab":12,"stat.leaveGame":5,"stat.useItem.minecraft.mutton":2,"stat.craftItem.minecraft.shield":1,"stat.useItem.minecraft.planks":14,"stat.pickup.mujmajnkraftsbettersurvival.itemstonebattleaxe":1,"stat.pickup.minecraft.glowstone_dust":1,"stat.craftItem.minecraft.stone_axe":1,"stat.pickup.notreepunching.pickaxe/flint":7,"stat.pickup.minecraft.leather_boots":1,"stat.useItem.locks.wood_lock_pick":2,"stat.craftItem.minecraft.stone_sword":3,"stat.pickup.minecraft.brown_mushroom":60,"stat.useItem.notreepunching.pickaxe/flint":45,"stat.useItem.notreepunching.knife/flint":55,"stat.pickup.lycanitesmobs.cinderblade":1,"stat.furnaceInteraction":4,"stat.pickup.srparasites.lurecomponent2":1,"stat.pickup.srparasites.lurecomponent1":1,"stat.pickup.realistictorches.torch_unlit":21,"stat.drop.inspirations.potato_seeds":1,"stat.pickup.spartanshields.shield_tower_stone":1,"stat.pickup.minecraft.beef":96,"stat.pickup.lycanitesmobs.spectralboltcharge":11,"stat.pickup.notreepunching.saw/iron":7,"stat.pickup.inspirations.potato_seeds":16,"stat.craftItem.lycanitesmobs.boulderblastcharge":4,"stat.useItem.minecraft.fence":1,"stat.craftItem.notreepunching.saw/iron":1,"stat.mineBlock.minecraft.fence":3,"stat.pickup.minecraft.pumpkin_seeds":6,"stat.pickup.minecraft.lever":6,"stat.deaths":78,"stat.pickup.minecraft.egg":12,"stat.playOneMinute":161696,"stat.mineBlock.minecraft.brown_mushroom_block":15,"stat.pickup.minecraft.iron_bars":5,"stat.mineBlock.minecraft.tallgrass":74,"stat.useItem.notreepunching.saw/iron":4,"stat.chestOpened":18,"stat.pickup.minecraft.pumpkin":9,"stat.pickup.inspirations.stone_crook":13,"stat.useItem.minecraft.stone":2,"stat.useItem.mujmajnkraftsbettersurvival.itemstonehammer":1,"stat.pickup.minecraft.iron_sword":2,"stat.pickup.minecraft.arrow":1,"stat.pickup.minecraft.wooden_pressure_plate":1,"stat.pickup.notreepunching.axe/flint":1,"stat.pickup.inspirations.materials":4,"stat.fallOneCm":39215,"stat.drop.minecraft.stone_sword":5,"stat.crouchOneCm":5740,"stat.craftItem.minecraft.iron_ingot":3,"stat.craftItem.minecraft.chest":1,"stat.pickup.minecraft.red_mushroom":40,"stat.craftingTableInteraction":63,"stat.pickup.minecraft.feather":51,"stat.drop.notreepunching.flint_shard":1,"stat.pickup.minecraft.planks":72,"stat.pickup.minecraft.wheat_seeds":67,"stat.mineBlock.minecraft.gravel":105,"stat.pickup.lycanitesmobs.geonachspear":3,"stat.useItem.minecraft.stone_pickaxe":40,"stat.craftItem.notreepunching.pickaxe/flint":1,"stat.useItem.minecraft.stone_sword":100,"stat.mineBlock.minecraft.dirt":20,"stat.drop.minecraft.stick":1,"stat.pickup.inspirations.carrot_seeds":46,"stat.craftItem.simpledifficulty.canteen":1,"stat.pickup.minecraft.crafting_table":3,"stat.useItem.minecraft.log":9,"stat.useItem.minecraft.cobblestone":3,"stat.pickup.lycanitesmobs.embercharge":21,"stat.useItem.minecraft.gravel":54,"stat.pickup.minecraft.log":229,"stat.drop.minecraft.sapling":2,"stat.pickup.minecraft.chicken":16,"stat.pickup.minecraft.sapling":75,"stat.pickup.minecraft.wooden_door":2,"stat.pickup.notreepunching.flint_shard":10,"stat.pickup.minecraft.beetroot":8,"stat.craftItem.spartanshields.shield_tower_wood":2,"stat.pickup.locks.wood_lock_pick":3,"stat.pickup.minecraft.stone_sword":13,"stat.useItem.minecraft.stonebrick":7,"stat.mineBlock.minecraft.log":48,"stat.pickup.simpledifficulty.canteen":13,"stat.craftItem.inspirations.materials":12,"stat.craftItem.notreepunching.axe/flint":1,"stat.sneakTime":2323,"stat.pickup.rustic.chili_pepper_seeds":3,"ent.kill":4,"stat.pickup.minecraft.yellow_flower":1,"stat.craftItem.notreepunching.knife/flint":2,"stat.craftItem.minecraft.cobblestone":14,"stat.useItem.minecraft.beetroot":1,"stat.pickup.minecraft.chest":1,"stat.drop.minecraft.stone_pickaxe":1,"stat.drop.minecraft.pumpkin":1,"stat.pickup.minecraft.bone":9,"stat.mineBlock.minecraft.cobblestone":26,"stat.mineBlock.minecraft.pumpkin":1,"stat.pickup.minecraft.stone_pickaxe":8,"stat.pickup.minecraft.flint":10,"stat.drop.minecraft.red_mushroom":1,"stat.mineBlock.srparasites.gore":7,"stat.craftItem.notreepunching.grass_string":5,"stat.swimOneCm":17956,"stat.pickup.quark.glass_shards":3,"stat.climbOneCm":5473,"stat.drop.minecraft.cobblestone":1,"stat.craftItem.inspirations.stone_crook":2,"stat.useItem.minecraft.dirt":6,"stat.useItem.minecraft.stone_slab2":15,"stat.pickup.minecraft.stone_hoe":5,"stat.pickup.roughtweaks.plaster":1,"stat.craftItem.simpledifficulty.campfire":1,"stat.useItem.minecraft.egg":3,"stat.craftItem.spartanshields.shield_tower_stone":2,"stat.craftItem.minecraft.stone_pickaxe":1,"stat.pickup.minecraft.cobblestone":240,"stat.drop.minecraft.fence":1,"stat.drop.spartanshields.shield_tower_stone":1,"stat.flyOneCm":115409,"stat.craftItem.minecraft.wooden_slab":6,"stat.timeSinceDeath":2678,"stat.pickup.minecraft.mutton":2,"stat.drop.minecraft.iron_bars":1,"stat.pickup.minecraft.stonebrick":38,"stat.mineBlock.minecraft.coal_ore":5,"stat.craftItem.minecraft.stone_hoe":1,"stat.mineBlock.minecraft.red_mushroom_block":9,"stat.pickup.minecraft.string":10,"stat.mineBlock.minecraft.ladder":3,"stat.pickup.mujmajnkraftsbettersurvival.itemstonehammer":11,"stat.entityKilledBy.Skeleton":3,"stat.mineBlock.realistictorches.torch_unlit":2,"stat.sprintOneCm":535464,"stat.mineBlock.rustic.wildberry_bush":1,"stat.mineBlock.minecraft.crafting_table":2,"stat.waystones:waystonesActivated":1,"stat.drop":28,"stat.killEntity.Sheep":1,"stat.diveOneCm":28357,"stat.pickup.minecraft.wheat":28,"stat.useItem.inspirations.stone_crook":138,"stat.pickup.minecraft.sign":10,"stat.pickup.minecraft.gravel":104,"stat.useItem.minecraft.chicken":3,"stat.pickup.minecraft.stone_axe":14,"stat.pickup.roughtweaks.bandage":2,"stat.jump":1022,"stat.pickup.minecraft.fence":5,"stat.pickup.minecraft.coal":88,"stat.useItem.minecraft.stone_axe":46,"stat.useItem.notreepunching.axe/flint":34,"stat.pickup.minecraft.gunpowder":16,"stat.pickup.minecraft.dirt":61,"stat.pickup.minecraft.iron_ore":4,"roc.kill":1,"stat.mineBlock.minecraft.iron_bars":1,"reaper.kill":1,"stat.pickup.rustic.tomato_seeds":4,"stat.mineBlock.minecraft.glass_pane":2,"stat.damageTaken":16547,"stat.pickup.minecraft.leather":18,"stat.pickup.notreepunching.knife/flint":1,"stat.pickup.notreepunching.rock/stone":247,"stat.pickup.srparasites.assimilated_flesh":7,"stat.pickup.minecraft.bed":6,"stat.damageDealt":8067,"stat.sleepInBed":8,"stat.pickup.lycanitesmobs.entarm":4,"stat.killEntity.Cow":4,"stat.drop.notreepunching.axe/flint":1,"stat.drop.simpledifficulty.canteen":1,"geonach.kill":3,"stat.walkOneCm":608635,"stat.playerKills":1,"stat.pickup.minecraft.stick":98,"stat.drop.inspirations.carrot_seeds":4,"stat.craftItem.locks.wood_lock_pick":2,"stat.pickup.notreepunching.grass_fiber":117,"stat.craftItem.mujmajnkraftsbettersurvival.itemstonehammer":1,"stat.pickup.minecraft.stone":82,"stat.killEntity.Chicken":4,"stat.drop.notreepunching.pickaxe/flint":3,"stat.mobKills":35,"stat.pickup.minecraft.quartz":6,"cinder.kill":1,"stat.pickup.minecraft.beetroot_seeds":14,"stat.mineBlock.minecraft.leaves":171,"stat.drop.minecraft.stone_axe":2,"stat.mineBlock.minecraft.stone":40}