{"stat.pickup.minecraft.bone":7,"stat.leaveGame":5,"stat.mineBlock.minecraft.cobblestone":262,"stat.pickup.minecraft.stone_pickaxe":5,"stat.pickup.minecraft.flint":4,"skylus.kill":1,"stat.mineBlock.srparasites.gore":1,"stat.mineBlock.minecraft.sandstone":1,"stat.craftItem.notreepunching.grass_string":1,"stat.swimOneCm":127040,"stat.pickup.rustic.ginseng":2,"stat.climbOneCm":3918,"stat.useItem.minecraft.planks":38,"stat.pickup.minecraft.enchanted_book":2,"stat.pickup.mujmajnkraftsbettersurvival.itemstonebattleaxe":5,"stat.pickup.minecraft.porkchop":18,"stat.mineBlock.quark.roots":1,"stat.useItem.minecraft.dirt":12,"stat.useItem.minecraft.stone_slab2":34,"stat.useItem.minecraft.water_bucket":8,"stat.pickup.minecraft.sand":21,"stat.drop.spartanweaponry.boomerang_stone":1,"stat.pickup.notreepunching.rock/sandstone":6,"stat.craftItem.simpledifficulty.campfire":1,"stat.craftItem.minecraft.stone_axe":1,"stat.craftItem.spartanweaponry.boomerang_stone":1,"stat.pickup.minecraft.bucket":1,"stat.craftItem.minecraft.stone_pickaxe":3,"stat.pickup.minecraft.cobblestone":267,"stat.pickup.simpledifficulty.spit":1,"stat.useItem.spartanweaponry.boomerang_stone":5,"stat.flyOneCm":200553,"stat.pickup.minecraft.brown_mushroom":1,"stat.mineBlock.minecraft.sand":21,"stat.pickup.minecraft.fish":9,"stat.pickup.quark.tallow":21,"stat.mineBlock.minecraft.iron_ore":3,"stat.timeSinceDeath":121,"stat.pickup.minecraft.double_plant":1,"stat.craftItem.minecraft.bed":1,"stat.useItem.notreepunching.knife/flint":14,"stat.furnaceInteraction":1,"krake.kill":1,"stat.pickup.minecraft.iron_shovel":1,"stat.useItem.minecraft.cooked_porkchop":2,"stat.mineBlock.minecraft.coal_ore":2,"stat.pickup.realistictorches.torch_unlit":61,"stat.pickup.minecraft.string":1,"stat.useItem.realistictorches.torch_unlit":18,"stat.pickup.mujmajnkraftsbettersurvival.itemstonehammer":6,"stat.pickup.lycanitesmobs.spectralboltcharge":2,"stat.pickup.minecraft.hay_block":2,"stat.killEntity.Squid":1,"stat.sprintOneCm":708654,"stat.useItem.rustic.wildberries":2,"stat.useItem.minecraft.stone_stairs":4,"stat.pickup.minecraft.stone_stairs":2,"stat.mineBlock.minecraft.fence":2,"stat.useItem.minecraft.flint_and_steel":2,"stat.mineBlock.minecraft.crafting_table":1,"stat.waystones:waystonesActivated":1,"stat.pickup.foodexpansion.itemsquid":1,"stat.pickup.minecraft.saddle":1,"stat.pickup.dynamictrees.oakseed":2,"stat.deaths":33,"stat.drop":1,"stat.playOneMinute":164740,"stat.pickup.minecraft.item_frame":1,"stat.mineBlock.minecraft.tallgrass":21,"stat.diveOneCm":86336,"stat.pickup.minecraft.wheat":69,"stat.chestOpened":41,"stat.pickup.minecraft.gravel":39,"stat.useItem.mujmajnkraftsbettersurvival.itemstonehammer":20,"stat.pickup.minecraft.iron_sword":1,"stat.pickup.simpledifficulty.campfire":1,"stat.pickup.minecraft.stone_axe":2,"stat.pickup.roughtweaks.bandage":1,"stat.pickup.minecraft.obsidian":4,"stat.useItem.minecraft.porkchop":4,"stat.entityKilledBy.Guardian":1,"stat.jump":1865,"stat.pickup.minecraft.fence":4,"stat.pickup.minecraft.coal":13,"stat.fallOneCm":20606,"stat.pickup.minecraft.iron_ingot":2,"stat.useItem.minecraft.stone_axe":23,"stat.useItem.notreepunching.axe/flint":24,"stat.crouchOneCm":18436,"stat.craftItem.minecraft.chest":4,"stat.craftItem.minecraft.iron_ingot":2,"stat.pickup.rustic.grape_stem":1,"stat.pickup.minecraft.dirt":56,"stat.pickup.minecraft.red_mushroom":3,"stat.mineBlock.realistictorches.torch_lit":1,"stat.craftingTableInteraction":34,"stat.pickup.minecraft.iron_ore":3,"roc.kill":2,"reaper.kill":1,"stat.craftItem.minecraft.flint_and_steel":1,"stat.mineBlock.minecraft.stone_stairs":2,"stat.damageTaken":6316,"stat.pickup.minecraft.feather":4,"stat.pickup.notreepunching.knife/flint":2,"stat.pickup.notreepunching.rock/stone":119,"stat.pickup.minecraft.prismarine_shard":1,"stat.useItem.mujmajnkraftsbettersurvival.itemstonebattleaxe":4,"stat.pickup.classyhats.hat":1,"stat.pickup.srparasites.assimilated_flesh":2,"stat.pickup.minecraft.dye":18,"stat.pickup.minecraft.planks":52,"stat.pickup.minecraft.reeds":26,"stat.pickup.minecraft.bed":5,"stat.pickup.minecraft.wheat_seeds":56,"stat.mineBlock.minecraft.gravel":16,"stat.useItem.minecraft.stone_pickaxe":316,"stat.craftItem.mujmajnkraftsbettersurvival.itemstonebattleaxe":1,"stat.damageDealt":5066,"stat.sleepInBed":12,"stat.mineBlock.minecraft.dirt":19,"stat.killEntity.Pig":6,"stat.pickup.minecraft.flint_and_steel":5,"stat.walkOneCm":660396,"stat.useItem.minecraft.chest":3,"stat.pickup.minecraft.stick":39,"stat.pickup.minecraft.iron_nugget":22,"stat.craftItem.minecraft.stone_stairs":8,"stat.pickup.minecraft.crafting_table":1,"stat.useItem.minecraft.log":23,"stat.useItem.minecraft.cobblestone":248,"stat.mineBlock.minecraft.double_plant":1,"stat.pickup.minecraft.iron_hoe":1,"herma.kill":1,"stat.pickup.minecraft.log":108,"stat.useItem.minecraft.cooked_fish":2,"stat.pickup.notreepunching.grass_fiber":10,"stat.craftItem.mujmajnkraftsbettersurvival.itemstonehammer":2,"stat.craftItem.realistictorches.torch_unlit":28,"stat.mineBlock.minecraft.wool":3,"stat.pickup.minecraft.sapling":15,"stat.pickup.notreepunching.flint_shard":8,"stat.craftItem.minecraft.bucket":1,"stat.mineBlock.srparasites.infestremain":1,"stat.killEntity.Spider":1,"stat.pickup.quark.root":1,"stat.mobKills":31,"stat.mineBlock.minecraft.log":25,"stat.craftItem.notreepunching.axe/flint":1,"stat.mineBlock.minecraft.leaves":30,"stat.pickup.minecraft.iron_horse_armor":1,"stat.pickup.minecraft.red_flower":1,"stat.pickup.foodexpansion.itemcookedsquid":1,"stat.pickup.bountifulbaubles.trinketbrokenheart":1,"stat.sneakTime":5820,"stat.pickup.minecraft.wool":3,"stat.pickup.rustic.chili_pepper_seeds":1,"stat.craftItem.simpledifficulty.spit":1,"stat.pickup.minecraft.yellow_flower":6,"lacedon.kill":1,"stat.craftItem.notreepunching.knife/flint":1,"stat.mineBlock.minecraft.stone":38,"stat.craftItem.minecraft.cobblestone":25}