{"stat.pickup.minecraft.bone":15,"stat.leaveGame":3,"stat.mineBlock.minecraft.cobblestone":16,"stat.pickup.minecraft.stone_pickaxe":2,"stat.pickup.minecraft.flint":2,"stat.useItem.lycanitesmobs.cooked_maka_meat":1,"stat.craftItem.minecraft.wool":4,"stat.craftItem.notreepunching.grass_string":18,"stat.pickup.defiledlands.stone_defiled_decoration":170,"stat.swimOneCm":68487,"stat.climbOneCm":5763,"stat.useItem.minecraft.planks":1,"stat.drop.minecraft.wooden_door":1,"stat.pickup.minecraft.glass":4,"stat.useItem.minecraft.stone_slab2":26,"stat.pickup.minecraft.rotten_flesh":10,"silex.kill":1,"stat.entityKilledBy.Spider":1,"stat.craftItem.minecraft.stone_axe":1,"stat.pickup.locks.gold_lock":1,"stat.craftItem.minecraft.stone_pickaxe":4,"stat.pickup.minecraft.cobblestone":23,"stat.mineBlock.minecraft.carpet":2,"stat.pickup.lycanitesmobs.aquapulsecharge":2,"stat.flyOneCm":435459,"stat.pickup.minecraft.clay":11,"stat.drop.minecraft.wheat_seeds":32,"stat.pickup.iceandfire.fire_lily":1,"stat.drop.minecraft.gold_ingot":1,"stat.pickup.minecraft.redstone":7,"stat.timeSinceDeath":6485,"stat.useItem.defiledlands.stone_defiled_decoration":87,"stat.drop.rustic.chili_pepper_seeds":2,"stat.pickup.minecraft.mutton":4,"stat.pickup.minecraft.mossy_cobblestone":20,"stat.craftItem.wearablebackpacks.backpack":1,"stat.pickup.defiledlands.scuronotte":1,"stat.craftItem.lycanitesmobs.cooked_maka_meat":13,"stat.useItem.notreepunching.knife/flint":139,"stat.mineBlock.minecraft.vine":2,"stat.furnaceInteraction":10,"krake.kill":1,"stat.craftItem.spartanweaponry.material":3,"stat.pickup.minecraft.carpet":3,"stat.pickup.srparasites.lurecomponent2":1,"stat.pickup.realistictorches.torch_unlit":9,"stat.entityKilledBy.defiledlands.host":1,"stat.pickup.minecraft.string":9,"stat.pickup.comforts.sleeping_bag":6,"stat.drop.inspirations.potato_seeds":1,"stat.pickup.minecraft.furnace":2,"stat.useItem.spartanweaponry.saber_stone":60,"stat.entityKilledBy.Skeleton":10,"stat.craftItem.minecraft.stone_slab2":0,"stat.pickup.lycanitesmobs.raw_arisaur_meat":4,"stat.pickup.spartanweaponry.saber_stone":3,"stat.pickup.inspirations.potato_seeds":1,"stat.sprintOneCm":297240,"stat.drop.rustic.tomato_seeds":3,"stat.useItem.rustic.wildberries":4,"stat.pickup.minecraft.iron_chestplate":1,"stat.mineBlock.minecraft.stone_slab":3,"stat.craftItem.notreepunching.saw/diamond":1,"stat.craftItem.minecraft.stick":8,"stat.mineBlock.defiledlands.scuronotte":1,"stat.useItem.minecraft.wheat_seeds":36,"stat.mineBlock.minecraft.crafting_table":3,"stat.waystones:waystonesActivated":1,"stat.pickup.lycanitesmobs.raw_krake_meat":2,"stat.entityKilledBy.Creeper":4,"stat.deaths":50,"stat.pickup.locks.wood_lock":1,"stat.drop":48,"stat.playOneMinute":111946,"stat.drop.realistictorches.torch_unlit":3,"stat.killEntity.Sheep":3,"stat.pickup.minecraft.item_frame":1,"stat.craftItem.lycanitesmobs.bulwark_burger":3,"stat.mineBlock.minecraft.tallgrass":154,"stat.diveOneCm":80012,"stat.pickup.minecraft.wheat":53,"stat.chestOpened":1,"stat.pickup.minecraft.pumpkin":1,"stat.pickup.minecraft.gravel":13,"stat.pickup.minecraft.arrow":4,"maka.kill":9,"stat.pickup.notreepunching.axe/flint":1,"stat.useItem.minecraft.clay":10,"stat.mineBlock.iceandfire.fire_lily":1,"stat.jump":1848,"stat.fallOneCm":44008,"stat.mineBlock.defiledlands.stone_defiled_decoration":117,"stat.useItem.minecraft.stone_axe":5,"stat.useItem.notreepunching.axe/flint":7,"stat.craftItem.minecraft.bread":7,"stat.entityKilledBy.CaveSpider":1,"stat.pickup.minecraft.gunpowder":10,"stat.crouchOneCm":2709,"stat.pickup.minecraft.spider_eye":2,"stat.pickup.minecraft.dirt":21,"stat.pickup.minecraft.red_mushroom":2,"stat.mineBlock.realistictorches.torch_lit":1,"stat.craftItem.comforts.sleeping_bag":2,"stat.craftingTableInteraction":14,"roc.kill":2,"stat.pickup.rustic.tomato_seeds":6,"stat.mineBlock.minecraft.stone_stairs":1,"stat.damageTaken":9822,"stat.pickup.minecraft.leather":11,"stat.pickup.minecraft.feather":24,"stat.pickup.lycanitesmobs.raw_maka_meat":17,"stat.pickup.notreepunching.rock/stone":61,"stat.mineBlock.minecraft.furnace":2,"stat.pickup.srparasites.assimilated_flesh":2,"stat.pickup.minecraft.dye":2,"stat.pickup.minecraft.planks":30,"stat.pickup.minecraft.reeds":29,"stat.killEntity.CaveSpider":1,"stat.pickup.minecraft.wheat_seeds":89,"stat.entityKilledBy.Zombie":3,"stat.mineBlock.minecraft.gravel":14,"stat.useItem.minecraft.stone_pickaxe":178,"stat.damageDealt":5612,"stat.drop.minecraft.carpet":2,"stat.sleepInBed":10,"arisaur.kill":2,"stat.craftItem.spartanweaponry.saber_stone":3,"stat.pickup.lycanitesmobs.raw_silex_meat":2,"stat.walkOneCm":330585,"stat.drop.minecraft.item_frame":1,"stat.pickup.inspirations.carrot_seeds":4,"stat.pickup.minecraft.stick":27,"stat.pickup.minecraft.crafting_table":4,"stat.useItem.minecraft.log":12,"stat.pickup.minecraft.clay_ball":1,"stat.craftItem.minecraft.crafting_table":2,"stat.useItem.minecraft.gravel":5,"stat.mineBlock.minecraft.double_plant":5,"stat.pickup.minecraft.log":31,"stat.pickup.notreepunching.grass_fiber":109,"stat.useItem.lycanitesmobs.bulwark_burger":1,"stat.mineBlock.minecraft.wool":3,"stat.pickup.lycanitesmobs.crystalshardcharge":4,"stat.pickup.minecraft.wooden_door":3,"stat.pickup.minecraft.apple":2,"stat.pickup.minecraft.gold_ingot":4,"stat.pickup.notreepunching.flint_shard":6,"stat.pickup.roughtweaks.salve":1,"stat.mobKills":21,"stat.pickup.notreepunching.grass_string":1,"stat.pickup.minecraft.quartz":9,"stat.useItem.minecraft.mossy_cobblestone":3,"stat.craftItem.notreepunching.axe/flint":1,"stat.pickup.minecraft.diamond":7,"stat.craftItem.minecraft.paper":12,"stat.entityKilledBy.defiledlands.scuttler":1,"stat.pickup.minecraft.torch":1,"stat.sneakTime":1307,"stat.pickup.minecraft.wool":3,"stat.pickup.rustic.chili_pepper_seeds":6,"stat.pickup.minecraft.rabbit":1,"stat.pickup.minecraft.stone_slab":42,"stat.drop.minecraft.yellow_flower":2,"stat.pickup.minecraft.yellow_flower":2,"stat.craftItem.notreepunching.knife/flint":3,"stat.craftItem.minecraft.cobblestone":10,"stat.mineBlock.minecraft.stone":18}