{"stat.chestOpened":2,"stat.pickup.defiledlands.blastem_fruit":5,"stat.pickup.minecraft.gravel":52,"stat.leaveGame":1,"stat.pickup.minecraft.flint":5,"stat.craftItem.notreepunching.grass_string":4,"stat.swimOneCm":2249,"stat.jump":583,"stat.fallOneCm":13661,"stat.climbOneCm":380,"stat.crouchOneCm":2124,"stat.pickup.minecraft.dirt":3,"stat.useItem.minecraft.stone_slab2":4,"stat.pickup.rustic.tomato_seeds":1,"stat.damageTaken":981,"stat.flyOneCm":111095,"stat.pickup.minecraft.glass_bottle":1,"stat.pickup.minecraft.wheat_seeds":2,"stat.mineBlock.minecraft.sand":1,"stat.mineBlock.minecraft.gravel":60,"stat.pickup.defiledlands.dirt_defiled":10,"stat.useItem.defiledlands.blastem_fruit":5,"stat.damageDealt":68,"stat.timeSinceDeath":11088,"stat.mineBlock.minecraft.dirt":4,"stat.walkOneCm":126247,"stat.useItem.notreepunching.knife/flint":39,"stat.pickup.minecraft.stick":2,"stat.useItem.minecraft.gravel":44,"stat.drop.inspirations.potato_seeds":1,"stat.pickup.notreepunching.grass_fiber":15,"stat.pickup.minecraft.sapling":3,"stat.pickup.inspirations.potato_seeds":1,"stat.sprintOneCm":70652,"stat.pickup.notreepunching.flint_shard":6,"stat.pickup.defiledlands.blastem_seed":2,"stat.mobKills":1,"stat.deaths":2,"stat.drop":2,"stat.mineBlock.minecraft.leaves":20,"stat.playOneMinute":22516,"stat.mineBlock.defiledlands.grass_defiled":1,"stat.sneakTime":1150,"stat.pickup.rustic.chili_pepper_seeds":1,"stat.drop.minecraft.glass_bottle":1,"stat.pickup.minecraft.yellow_flower":1,"stat.craftItem.notreepunching.knife/flint":1,"stat.mineBlock.minecraft.tallgrass":38,"stat.diveOneCm":5058}