{"stat.entityKilledBy.seaserpent":2,"stat.walkOneCm":100511,"stat.pickup.minecraft.bone":9,"stat.pickup.minecraft.gravel":15,"stat.leaveGame":2,"raiko.kill":2,"stat.pickup.minecraft.flint":2,"stat.useItem.minecraft.gravel":1,"stat.mineBlock.srparasites.gore":3,"stat.pickup.minecraft.string":4,"stat.jump":466,"stat.swimOneCm":94143,"stat.pickup.quark.glass_shards":6,"stat.climbOneCm":2501,"stat.fallOneCm":11792,"stat.entityKilledBy.Skeleton":1,"stat.crouchOneCm":150,"stat.pickup.minecraft.dirt":3,"stat.sprintOneCm":86024,"stat.useItem.minecraft.stone_slab2":14,"stat.pickup.rustic.horsetail":1,"stat.pickup.minecraft.sand":11,"stat.pickup.roughtweaks.plaster":1,"stat.damageTaken":15747,"stat.pickup.minecraft.feather":10,"stat.killEntity.Spider":1,"stat.pickup.notreepunching.rock/stone":2,"stat.mobKills":10,"stat.pickup.srparasites.assimilated_flesh":5,"stat.pickup.minecraft.dye":2,"stat.flyOneCm":95080,"stat.deaths":75,"stat.mineBlock.minecraft.sand":12,"stat.playOneMinute":51369,"stat.pickup.minecraft.fish":2,"stat.entityKilledBy.Zombie":1,"stat.mineBlock.minecraft.gravel":17,"stat.mineBlock.minecraft.glass":4,"stat.sneakTime":632,"stat.damageDealt":2604,"stat.timeSinceDeath":0,"stat.mineBlock.minecraft.dirt":1,"stat.diveOneCm":131834}