{"stat.pickup.minecraft.bone":15,"stat.leaveGame":4,"stat.mineBlock.minecraft.cobblestone":4,"stat.pickup.minecraft.stone_pickaxe":4,"stat.pickup.minecraft.flint":18,"stat.mineBlock.srparasites.gore":18,"stat.craftItem.notreepunching.grass_string":7,"stat.swimOneCm":14453,"ventoraptor.kill":1,"stat.pickup.quark.glass_shards":25,"stat.climbOneCm":14997,"stat.useItem.minecraft.planks":1,"stat.pickup.mujmajnkraftsbettersurvival.itemstonebattleaxe":2,"stat.pickup.minecraft.glowstone_dust":2,"stat.useItem.minecraft.dirt":7,"stat.useItem.minecraft.stone_slab2":44,"stat.pickup.minecraft.iron_boots":1,"stat.drop.minecraft.iron_sword":1,"stat.pickup.minecraft.rotten_flesh":3,"stat.craftItem.minecraft.stone_axe":1,"stat.pickup.notreepunching.pickaxe/flint":3,"stat.pickup.minecraft.cobblestone":17,"stat.pickup.minecraft.leather_boots":1,"stat.flyOneCm":69897,"stat.pickup.minecraft.brown_mushroom":5,"stat.useItem.notreepunching.pickaxe/flint":18,"stat.timeSinceDeath":3100,"stat.pickup.minecraft.mutton":3,"stat.pickup.minecraft.armor_stand":1,"stat.useItem.notreepunching.knife/flint":79,"stat.pickup.lycanitesmobs.cinderblade":3,"stat.furnaceInteraction":7,"stat.drop.minecraft.dirt":1,"stat.pickup.minecraft.shield":1,"stat.killEntity.Creeper":3,"stat.talkedToVillager":3,"stat.pickup.realistictorches.torch_unlit":7,"stat.pickup.spartanshields.shield_tower_stone":4,"stat.pickup.minecraft.beef":8,"stat.pickup.mujmajnkraftsbettersurvival.itemstonehammer":7,"stat.pickup.lycanitesmobs.spectralboltcharge":22,"stat.mineBlock.realistictorches.torch_unlit":4,"stat.pickup.inspirations.potato_seeds":7,"stat.sprintOneCm":176600,"stat.pickup.minecraft.iron_chestplate":1,"stat.mineBlock.minecraft.fence":2,"stat.useItem.minecraft.wheat_seeds":3,"stat.pickup.minecraft.pumpkin_seeds":3,"stat.pickup.dynamictrees.oakseed":1,"stat.pickup.minecraft.lever":1,"stat.deaths":50,"stat.mineBlock.minecraft.planks":12,"stat.drop":4,"stat.playOneMinute":188724,"stat.pickup.minecraft.blaze_rod":2,"stat.killEntity.Sheep":1,"stat.killEntity.Zombie":1,"stat.mineBlock.minecraft.tallgrass":95,"stat.diveOneCm":64478,"stat.pickup.minecraft.wheat":18,"stat.chestOpened":47,"stat.pickup.minecraft.gravel":75,"stat.useItem.mujmajnkraftsbettersurvival.itemstonehammer":40,"stat.pickup.minecraft.iron_sword":2,"stat.pickup.minecraft.arrow":6,"stat.pickup.minecraft.stone_axe":5,"stat.pickup.minecraft.obsidian":5,"stat.craftItem.minecraft.coal":22,"stat.jump":1618,"stat.pickup.minecraft.fence":3,"stat.pickup.minecraft.coal":36,"stat.pickup.minecraft.iron_helmet":1,"stat.fallOneCm":34102,"stat.useItem.minecraft.stone_axe":96,"stat.craftItem.minecraft.bread":4,"stat.pickup.minecraft.gunpowder":21,"stat.crouchOneCm":149,"stat.pickup.minecraft.dirt":36,"stat.drop.minecraft.bed":1,"stat.craftingTableInteraction":16,"reaper.kill":3,"stat.damageTaken":12144,"stat.pickup.minecraft.feather":2,"stat.pickup.notreepunching.rock/stone":41,"stat.mineBlock.minecraft.torch":1,"stat.useItem.mujmajnkraftsbettersurvival.itemstonebattleaxe":57,"stat.pickup.srparasites.assimilated_flesh":14,"stat.pickup.minecraft.planks":82,"stat.pickup.minecraft.reeds":7,"stat.pickup.minecraft.iron_leggings":1,"stat.pickup.minecraft.bed":18,"stat.pickup.minecraft.wheat_seeds":36,"stat.entityKilledBy.Zombie":1,"stat.mineBlock.minecraft.gravel":86,"stat.craftItem.mujmajnkraftsbettersurvival.itemstonebattleaxe":1,"stat.craftItem.notreepunching.pickaxe/flint":1,"stat.mineBlock.minecraft.glass":6,"stat.damageDealt":11404,"stat.craftItem.minecraft.glass":4,"stat.sleepInBed":10,"stat.pickup.lycanitesmobs.entarm":1,"stat.mineBlock.minecraft.dirt":30,"stat.walkOneCm":666387,"stat.playerKills":1,"stat.pickup.inspirations.carrot_seeds":5,"stat.pickup.minecraft.stick":42,"stat.useItem.minecraft.log":16,"stat.pickup.minecraft.crafting_table":1,"stat.craftItem.minecraft.crafting_table":1,"stat.pickup.lycanitesmobs.embercharge":8,"stat.useItem.minecraft.gravel":45,"stat.pickup.minecraft.log":45,"stat.pickup.notreepunching.grass_fiber":34,"stat.craftItem.mujmajnkraftsbettersurvival.itemstonehammer":1,"stat.pickup.minecraft.chicken":2,"stat.pickup.minecraft.sapling":22,"stat.pickup.minecraft.wooden_door":3,"stat.pickup.notreepunching.flint_shard":22,"stat.killEntity.Skeleton":1,"stat.pickup.minecraft.beetroot":17,"stat.pickup.locks.wood_lock_pick":3,"stat.pickup.minecraft.stone_sword":1,"stat.mobKills":55,"stat.mineBlock.minecraft.log":41,"stat.pickup.notreepunching.grass_string":12,"cinder.kill":2,"stat.mineBlock.minecraft.leaves":142,"stat.pickup.minecraft.beetroot_seeds":37,"stat.pickup.minecraft.torch":5,"stat.useItem.minecraft.beetroot_seeds":19,"stat.pickup.minecraft.red_flower":1,"stat.sneakTime":5839,"stat.pickup.rustic.chili_pepper_seeds":2,"ent.kill":6,"stat.drop.minecraft.stone_axe":1,"stat.craftItem.notreepunching.knife/flint":4,"stat.mineBlock.minecraft.stone":14,"stat.craftItem.minecraft.cobblestone":10,"stat.useItem.minecraft.beetroot":11}