{"pixen.kill":1,"stat.pickup.minecraft.wooden_slab":41,"stat.drop.lycanitesmobs.summoningstaff":1,"stat.pickup.lycanitesmobs.chaosorbcharge":5,"stat.leaveGame":3,"stat.useItem.inspirations.potato_seeds":4,"stat.pickup.notreepunching.rock/slate":47,"stat.useItem.minecraft.planks":46,"stat.pickup.mujmajnkraftsbettersurvival.itemstonebattleaxe":3,"stat.pickup.minecraft.glowstone_dust":18,"stat.pickup.minecraft.porkchop":3,"stat.useItem.minecraft.water_bucket":2,"stat.pickup.minecraft.rotten_flesh":18,"stat.useItem.inspirations.carrot_seeds":1,"stat.craftItem.minecraft.stone_axe":5,"stat.craftItem.spartanweaponry.spear_stone":2,"stat.pickup.minecraft.bucket":1,"stat.mineBlock.minecraft.wooden_slab":7,"stat.pickup.simpledifficulty.spit":1,"stat.pickup.lycanitesmobs.aquapulsecharge":4,"stat.craftItem.minecraft.stone_sword":3,"stat.pickup.minecraft.chainmail_chestplate":10,"stat.pickup.minecraft.brown_mushroom":3,"shambler.kill":1,"stat.pickup.quark.tallow":2,"stat.craftItem.realistictorches.matchbox":5,"stat.craftItem.minecraft.bed":1,"stat.useItem.notreepunching.knife/flint":173,"stat.pickup.rustic.wildberries":2,"stat.furnaceInteraction":50,"stat.craftItem.spartanweaponry.material":2,"stat.pickup.srparasites.lurecomponent2":6,"stat.pickup.srparasites.lurecomponent1":39,"stat.pickup.realistictorches.torch_unlit":45,"stat.craftItem.realistictorches.torch_lit":133,"stat.useItem.realistictorches.torch_unlit":4,"stat.useItem.minecraft.cooked_mutton":1,"stat.pickup.inspirations.potato_seeds":7,"stat.useItem.rustic.wildberries":2,"stat.useItem.minecraft.fence":3,"stat.craftItem.spartanweaponry.dagger_stone":2,"stat.pickup.realistictorches.torch_lit":46,"stat.craftItem.notreepunching.saw/iron":1,"stat.useItem.minecraft.wheat_seeds":11,"stat.pickup.foodexpansion.itemsquid":12,"stat.pickup.dynamictrees.oakseed":17,"stat.useItem.spartanweaponry.spear_stone":113,"stat.pickup.lycanitesmobs.raw_krake_meat":1,"stat.deaths":141,"stat.playOneMinute":345097,"stat.pickup.realistictorches.matchbox":1,"stat.mineBlock.minecraft.tallgrass":163,"stat.pickup.minecraft.cooked_mutton":12,"stat.chestOpened":315,"stat.useItem.minecraft.cooked_rabbit":1,"stat.useItem.mujmajnkraftsbettersurvival.itemstonehammer":14,"stat.pickup.minecraft.arrow":2,"stat.pickup.rustic.chamomile":1,"stat.pickup.quark.jasper":17,"stat.pickup.minecraft.gold_nugget":2,"stat.craftItem.craftablechainmail.chainmail_plate":74,"stat.pickup.notreepunching.axe/flint":2,"stat.mineBlock.rustic.slate":7,"stat.craftItem.minecraft.coal":90,"stat.craftItem.minecraft.iron_nugget":315,"stat.fallOneCm":58713,"stat.pickup.minecraft.melon_seeds":9,"stat.drop.minecraft.stone_sword":1,"stat.crouchOneCm":835,"stat.craftItem.minecraft.iron_ingot":59,"stat.craftItem.minecraft.chest":1,"stat.pickup.minecraft.red_mushroom":4,"stat.craftingTableInteraction":79,"stat.pickup.minecraft.feather":20,"stat.pickup.minecraft.dye":9,"stat.pickup.minecraft.planks":107,"stat.pickup.minecraft.wheat_seeds":28,"stat.mineBlock.minecraft.gravel":195,"stat.useItem.minecraft.stone_pickaxe":214,"stat.useItem.minecraft.stone_sword":121,"stat.mineBlock.minecraft.dirt":149,"stat.pickup.minecraft.chainmail_boots":13,"stat.drop.spartanweaponry.spear_stone":1,"stat.pickup.minecraft.flint_and_steel":1,"stat.useItem.spartanweaponry.dagger_stone":82,"stat.pickup.lycanitesmobs.geonachfist":3,"stat.pickup.inspirations.carrot_seeds":3,"stat.useItem.minecraft.log":28,"stat.useItem.minecraft.cobblestone":10,"stat.useItem.minecraft.gravel":96,"stat.useItem.lycanitesmobs.cooked_krake_meat":1,"stat.mineBlock.minecraft.double_plant":6,"stat.mineBlock.quark.stone_speleothem":1,"stat.pickup.minecraft.log":174,"stat.craftItem.realistictorches.torch_unlit":116,"stat.craftItem.minecraft.gold_ingot":1,"stat.pickup.minecraft.chainmail_leggings":12,"stat.pickup.minecraft.sapling":11,"stat.pickup.minecraft.wooden_door":8,"stat.pickup.notreepunching.flint_shard":23,"stat.drop.realistictorches.torch_lit":1,"stat.pickup.roughtweaks.salve":2,"stat.craftItem.minecraft.bucket":1,"stat.pickup.minecraft.stone_sword":3,"stat.useItem.quark.jasper":7,"stat.pickup.lycanitesmobs.lifedraincharge":3,"stat.mineBlock.minecraft.log":88,"stat.useItem.minecraft.wooden_door":5,"stat.craftItem.notreepunching.axe/flint":1,"stat.craftItem.minecraft.paper":12,"stat.sneakTime":2036,"stat.craftItem.notreepunching.hoe/flint":1,"stat.pickup.rustic.chili_pepper_seeds":4,"ent.kill":5,"stat.craftItem.notreepunching.knife/flint":6,"stat.craftItem.minecraft.cobblestone":85,"stat.drop.minecraft.stone_pickaxe":2,"stat.mineBlock.quark.jasper":4,"stat.pickup.minecraft.bone":23,"stat.pickup.minecraft.stone_pickaxe":10,"stat.pickup.minecraft.flint":20,"stat.mineBlock.srparasites.gore":17,"stat.craftItem.minecraft.wool":3,"stat.craftItem.notreepunching.grass_string":18,"stat.swimOneCm":46217,"stat.climbOneCm":973,"stat.pickup.minecraft.enchanted_book":1,"stat.pickup.minecraft.cooked_porkchop":2,"stat.craftItem.minecraft.arrow":32,"stat.useItem.minecraft.dirt":26,"stat.mineBlock.quark.chute":1,"stat.useItem.minecraft.stone_slab2":50,"stat.pickup.minecraft.bow":1,"stat.pickup.roughtweaks.plaster":4,"stat.craftItem.minecraft.stone_pickaxe":2,"stat.craftItem.foodexpansion.itemcookedsquid":8,"stat.pickup.minecraft.cobblestone":156,"stat.craftItem.minecraft.chainmail_helmet":2,"stat.pickup.notreepunching.rock/marble":5,"stat.useItem.minecraft.stone_shovel":62,"stat.flyOneCm":326704,"stat.mineBlock.quark.paper_wall":3,"stat.pickup.spartanweaponry.dagger_stone":3,"stat.craftItem.minecraft.wooden_slab":18,"stat.mineBlock.minecraft.iron_ore":42,"stat.timeSinceDeath":3705,"stat.useItem.minecraft.wooden_slab":2,"stat.craftItem.lycanitesmobs.summoningstaff":1,"stat.pickup.minecraft.chainmail_helmet":5,"stat.craftItem.minecraft.chainmail_leggings":2,"stat.drop.minecraft.flint_and_steel":1,"krake.kill":1,"stat.useItem.minecraft.cooked_porkchop":1,"stat.pickup.minecraft.iron_shovel":4,"stat.craftItem.lycanitesmobs.cooked_krake_meat":1,"stat.pickup.minecraft.string":14,"grue.kill":2,"stat.pickup.mujmajnkraftsbettersurvival.itemstonehammer":1,"stat.useItem.realistictorches.torch_lit":51,"stat.mineBlock.realistictorches.torch_unlit":6,"stat.killEntity.Squid":4,"stat.sprintOneCm":436302,"stat.craftItem.minecraft.stick":24,"stat.craftItem.minecraft.chainmail_chestplate":4,"stat.entityKilledBy.Creeper":1,"stat.mineBlock.quark.marble":1,"stat.mineBlock.minecraft.planks":2,"stat.drop":13,"stat.pickup.lycanitesmobs.immunizer":1,"stat.killEntity.Zombie":5,"stat.craftItem.minecraft.dye":15,"stat.diveOneCm":29683,"stat.pickup.minecraft.wheat":5,"stat.craftItem.spartanweaponry.parrying_dagger_stone":1,"stat.pickup.minecraft.gravel":172,"stat.craftItem.minecraft.cooked_porkchop":7,"stat.pickup.minecraft.stone_axe":4,"stat.useItem.notreepunching.rock/stone":1,"stat.jump":2710,"stat.pickup.minecraft.fence":1,"stat.pickup.minecraft.coal":6,"stat.pickup.minecraft.iron_helmet":1,"stat.pickup.minecraft.iron_ingot":1,"stat.useItem.minecraft.stone_axe":179,"stat.useItem.notreepunching.axe/flint":14,"stat.pickup.minecraft.dirt":239,"stat.mineBlock.realistictorches.torch_lit":4,"stat.pickup.minecraft.iron_ore":84,"roc.kill":6,"stat.pickup.lycanitesmobs.poisongland":6,"stat.useItem.minecraft.sapling":3,"stat.craftItem.minecraft.flint_and_steel":1,"stat.pickup.quark.chute":1,"stat.pickup.rustic.tomato_seeds":3,"stat.damageTaken":31488,"stat.pickup.notreepunching.knife/flint":4,"stat.pickup.minecraft.leather":2,"stat.pickup.notreepunching.rock/stone":480,"stat.pickup.spartanweaponry.spear_stone":4,"stat.pickup.srparasites.assimilated_flesh":64,"stat.drop.spartanweaponry.dagger_stone":1,"stat.pickup.minecraft.reeds":13,"stat.pickup.minecraft.bed":1,"stat.drop.notreepunching.knife/flint":2,"stat.entityKilledBy.Zombie":1,"stat.craftItem.mujmajnkraftsbettersurvival.itemstonebattleaxe":3,"stat.damageDealt":14748,"stat.sleepInBed":12,"stat.killEntity.Pig":1,"stat.useItem.foodexpansion.itemcookedsquid":5,"stat.craftItem.minecraft.stone_shovel":1,"geonach.kill":3,"stat.walkOneCm":960794,"lurker.kill":1,"stat.playerKills":1,"stat.pickup.minecraft.stick":135,"argus.kill":1,"stat.pickup.minecraft.clay_ball":2,"stat.pickup.lycanitesmobs.lightballcharge":4,"stat.pickup.notreepunching.grass_fiber":77,"stat.craftItem.mujmajnkraftsbettersurvival.itemstonehammer":2,"stat.pickup.lycanitesmobs.summoningstaff":1,"stat.pickup.minecraft.stone":24,"stat.mineBlock.realistictorches.torch_smoldering":14,"stat.pickup.minecraft.ender_pearl":1,"stat.killEntity.Skeleton":1,"stat.mobKills":62,"stat.pickup.minecraft.quartz":8,"stat.mineBlock.minecraft.leaves":88,"stat.useItem.notreepunching.hoe/flint":37,"stat.drop.minecraft.stone_axe":3,"stat.mineBlock.minecraft.stone":113,"stat.craftItem.minecraft.chainmail_boots":4}