{"stat.pickup.minecraft.gravel":13,"stat.leaveGame":1,"stat.pickup.minecraft.flint":1,"stat.craftItem.minecraft.wool":2,"stat.craftItem.notreepunching.grass_string":10,"stat.jump":305,"stat.swimOneCm":5148,"stat.fallOneCm":7607,"stat.useItem.notreepunching.axe/flint":18,"stat.crouchOneCm":1,"stat.pickup.minecraft.dirt":2,"stat.useItem.minecraft.stone_slab2":11,"stat.craftingTableInteraction":1,"stat.pickup.rustic.tomato_seeds":2,"stat.damageTaken":169,"stat.pickup.minecraft.ender_eye":1,"stat.pickup.minecraft.planks":8,"stat.flyOneCm":37708,"stat.pickup.minecraft.bed":1,"stat.pickup.dynamictrees.spruceseed":2,"stat.pickup.minecraft.soul_sand":1,"stat.pickup.minecraft.wheat_seeds":4,"stat.mineBlock.minecraft.gravel":14,"stat.damageDealt":300,"yale.kill":1,"stat.sleepInBed":1,"stat.timeSinceDeath":2385,"stat.mineBlock.minecraft.dirt":4,"stat.walkOneCm":60564,"stat.craftItem.minecraft.bed":1,"stat.pickup.minecraft.stick":19,"stat.useItem.notreepunching.knife/flint":45,"stat.useItem.minecraft.log":5,"stat.pickup.minecraft.crafting_table":1,"banshee.kill":1,"stat.craftItem.minecraft.crafting_table":1,"stat.useItem.minecraft.gravel":7,"stat.pickup.minecraft.log":14,"stat.pickup.notreepunching.grass_fiber":30,"stat.pickup.minecraft.sapling":1,"stat.pickup.minecraft.ender_pearl":1,"stat.sprintOneCm":43115,"stat.pickup.notreepunching.flint_shard":2,"stat.mineBlock.minecraft.crafting_table":1,"stat.mobKills":2,"stat.pickup.defiledlands.blastem_seed":1,"stat.deaths":1,"stat.craftItem.notreepunching.axe/flint":1,"stat.mineBlock.minecraft.leaves":22,"stat.playOneMinute":17221,"stat.pickup.minecraft.red_flower":1,"stat.mineBlock.defiledlands.grass_defiled":4,"stat.sneakTime":70,"stat.pickup.minecraft.wool":1,"stat.pickup.lycanitesmobs.raw_yale_meat":3,"stat.craftItem.notreepunching.knife/flint":1,"stat.craftItem.minecraft.cobblestone":1,"stat.mineBlock.minecraft.tallgrass":44,"stat.diveOneCm":878}