{"stat.chestOpened":46,"stat.pickup.minecraft.bone":1,"stat.pickup.minecraft.wooden_slab":5,"stat.pickup.minecraft.sign":1,"stat.pickup.minecraft.gravel":63,"stat.leaveGame":4,"stat.pickup.minecraft.arrow":1,"stat.craftItem.minecraft.cooked_porkchop":11,"stat.pickup.minecraft.wooden_pressure_plate":1,"stat.pickup.minecraft.flint":5,"stat.pickup.minecraft.stone_axe":1,"stat.pickup.mujmajnkraftsbettersurvival.itemstonedagger":5,"stat.craftItem.notreepunching.grass_string":5,"stat.jump":261,"stat.swimOneCm":555,"stat.pickup.minecraft.fence":1,"stat.pickup.minecraft.cooked_chicken":1,"stat.pickup.minecraft.coal":46,"stat.fallOneCm":2897,"stat.climbOneCm":180,"stat.pickup.minecraft.enchanted_book":1,"stat.useItem.minecraft.planks":1,"stat.useItem.minecraft.stone_axe":90,"stat.pickup.minecraft.porkchop":3,"stat.crouchOneCm":255,"stat.drop.minecraft.brown_mushroom":1,"stat.craftItem.minecraft.chest":2,"stat.pickup.minecraft.dirt":22,"stat.useItem.minecraft.dirt":9,"stat.pickup.minecraft.red_mushroom":1,"stat.useItem.minecraft.stone_slab2":43,"stat.mineBlock.realistictorches.torch_lit":1,"stat.useItem.minecraft.cooked_chicken":2,"stat.craftingTableInteraction":22,"stat.craftItem.mujmajnkraftsbettersurvival.itemstonedagger":2,"stat.pickup.minecraft.rotten_flesh":4,"stat.useItem.minecraft.sapling":1,"stat.craftItem.minecraft.stone_axe":2,"stat.mineBlock.minecraft.glass_pane":2,"stat.pickup.minecraft.feather":8,"stat.damageTaken":1292,"stat.pickup.notreepunching.rock/stone":72,"stat.pickup.notreepunching.pickaxe/flint":2,"stat.mineBlock.minecraft.melon_block":1,"stat.useItem.minecraft.reeds":2,"stat.mineBlock.minecraft.wooden_slab":2,"stat.pickup.minecraft.planks":23,"stat.pickup.minecraft.reeds":8,"stat.flyOneCm":20007,"stat.pickup.minecraft.bed":1,"stat.pickup.minecraft.brown_mushroom":6,"stat.pickup.minecraft.wheat_seeds":3,"stat.useItem.notreepunching.pickaxe/flint":5,"stat.pickup.minecraft.oak_stairs":1,"stat.mineBlock.minecraft.gravel":67,"stat.craftItem.minecraft.wooden_slab":6,"stat.craftItem.notreepunching.pickaxe/flint":1,"stat.pickup.quark.tallow":3,"stat.damageDealt":2296,"stat.craftItem.realistictorches.matchbox":1,"stat.sleepInBed":4,"stat.timeSinceDeath":18161,"stat.mineBlock.minecraft.dirt":13,"stat.killEntity.Pig":2,"stat.useItem.minecraft.wooden_slab":1,"stat.pickup.minecraft.mutton":4,"stat.walkOneCm":292128,"stat.useItem.minecraft.chest":1,"stat.pickup.inspirations.carrot_seeds":7,"stat.pickup.minecraft.stick":23,"stat.useItem.notreepunching.knife/flint":32,"stat.useItem.minecraft.log":7,"stat.furnaceInteraction":22,"stat.pickup.lycanitesmobs.embercharge":12,"stat.useItem.minecraft.gravel":32,"stat.mineBlock.minecraft.double_plant":1,"stat.killEntity.ZombieVillager":2,"stat.pickup.realistictorches.torch_unlit":2,"stat.talkedToVillager":2,"stat.craftItem.realistictorches.torch_lit":9,"stat.pickup.minecraft.log":55,"stat.pickup.minecraft.string":1,"stat.pickup.notreepunching.grass_fiber":20,"stat.drop.mujmajnkraftsbettersurvival.itemstonedagger":1,"stat.craftItem.realistictorches.torch_unlit":8,"stat.entityKilledBy.Skeleton":7,"stat.useItem.realistictorches.torch_lit":2,"stat.pickup.minecraft.chicken":3,"stat.pickup.minecraft.sapling":4,"stat.pickup.inspirations.potato_seeds":2,"stat.sprintOneCm":68500,"stat.pickup.notreepunching.flint_shard":6,"stat.killEntity.Skeleton":1,"stat.pickup.realistictorches.torch_lit":6,"stat.killEntity.Chicken":3,"stat.mineBlock.minecraft.fence":1,"stat.mobKills":15,"stat.pickup.dynamictrees.oakseed":2,"stat.mineBlock.minecraft.log":49,"stat.craftItem.minecraft.cooked_chicken":3,"stat.mineBlock.minecraft.oak_stairs":1,"stat.deaths":8,"stat.mineBlock.minecraft.planks":2,"stat.drop":2,"cinder.kill":7,"stat.mineBlock.minecraft.leaves":52,"stat.craftItem.minecraft.paper":3,"stat.playOneMinute":65618,"stat.pickup.minecraft.red_flower":1,"stat.sneakTime":276,"stat.pickup.minecraft.item_frame":1,"stat.craftItem.notreepunching.knife/flint":1,"stat.craftItem.minecraft.cobblestone":9,"stat.mineBlock.minecraft.stone":5,"stat.mineBlock.minecraft.tallgrass":37,"stat.craftItem.minecraft.cooked_mutton":4,"stat.diveOneCm":1585,"stat.useItem.mujmajnkraftsbettersurvival.itemstonedagger":21}